flight_date,flight_status,departure,arrival,airline,flight,aircraft,live
2024-09-24,scheduled,"{'airport': 'Wellington International', 'timezone': 'Pacific/Auckland', 'iata': 'WLG', 'icao': 'NZWN', 'terminal': None, 'gate': '13', 'delay': None, 'scheduled': '2024-09-24T09:45:00+00:00', 'estimated': '2024-09-24T09:45:00+00:00', 'actual': None, 'estimated_runway': None, 'actual_runway': None}","{'airport': 'Auckland International', 'timezone': 'Pacific/Auckland', 'iata': 'AKL', 'icao': 'NZAA', 'terminal': 'D', 'gate': '30', 'baggage': 'DTB2', 'delay': None, 'scheduled': '2024-09-24T10:50:00+00:00', 'estimated': '2024-09-24T10:50:00+00:00', 'actual': None, 'estimated_runway': None, 'actual_runway': None}","{'name': 'Qantas', 'iata': 'QF', 'icao': 'QFA'}","{'number': '8537', 'iata': 'QF8537', 'icao': 'QFA8537', 'codeshared': {'airline_name': 'air new zealand', 'airline_iata': 'nz', 'airline_icao': 'anz', 'flight_number': '416', 'flight_iata': 'nz416', 'flight_icao': 'anz416'}}",,
2024-09-24,scheduled,"{'airport': 'Iloilo International', 'timezone': 'Asia/Manila', 'iata': 'ILO', 'icao': 'RPVI', 'terminal': None, 'gate': None, 'delay': None, 'scheduled': '2024-09-24T06:00:00+00:00', 'estimated': '2024-09-24T06:00:00+00:00', 'actual': None, 'estimated_runway': None, 'actual_runway': None}","{'airport': 'Ninoy Aquino International', 'timezone': 'Asia/Manila', 'iata': 'MNL', 'icao': 'RPLL', 'terminal': '2', 'gate': None, 'baggage': None, 'delay': None, 'scheduled': '2024-09-24T07:10:00+00:00', 'estimated': '2024-09-24T07:10:00+00:00', 'actual': None, 'estimated_runway': None, 'actual_runway': None}","{'name': 'China Airlines', 'iata': 'CI', 'icao': 'CAL'}","{'number': '8940', 'iata': 'CI8940', 'icao': 'CAL8940', 'codeshared': {'airline_name': 'philippine airlines', 'airline_iata': 'pr', 'airline_icao': 'pal', 'flight_number': '2140', 'flight_iata': 'pr2140', 'flight_icao': 'pal2140'}}",,
2024-09-24,scheduled,"{'airport': 'Beijing Capital International', 'timezone': 'Asia/Shanghai', 'iata': 'PEK', 'icao': 'ZBAA', 'terminal': '2', 'gate': 'G', 'delay': None, 'scheduled': '2024-09-24T06:30:00+00:00', 'estimated': '2024-09-24T06:30:00+00:00', 'actual': None, 'estimated_runway': None, 'actual_runway': None}","{'airport': 'Yantai', 'timezone': 'Asia/Shanghai', 'iata': 'YNT', 'icao': 'ZSYT', 'terminal': 'T2', 'gate': None, 'baggage': None, 'delay': None, 'scheduled': '2024-09-24T07:45:00+00:00', 'estimated': '2024-09-24T07:45:00+00:00', 'actual': None, 'estimated_runway': None, 'actual_runway': None}","{'name': 'Air China LTD', 'iata': 'CA', 'icao': 'CCA'}","{'number': '1585', 'iata': 'CA1585', 'icao': 'CCA1585', 'codeshared': None}",,
2024-09-24,scheduled,"{'airport': 'Rabaul Airport', 'timezone': None, 'iata': 'RAB', 'icao': 'AYTK', 'terminal': None, 'gate': None, 'delay': None, 'scheduled': '2024-09-24T07:05:00+00:00', 'estimated': '2024-09-24T07:05:00+00:00', 'actual': None, 'estimated_runway': None, 'actual_runway': None}","{'airport': 'Jackson Field', 'timezone': 'Pacific/Port_Moresby', 'iata': 'POM', 'icao': 'AYPY', 'terminal': 'D', 'gate': None, 'baggage': None, 'delay': None, 'scheduled': '2024-09-24T08:25:00+00:00', 'estimated': '2024-09-24T08:25:00+00:00', 'actual': None, 'estimated_runway': None, 'actual_runway': None}","{'name': 'Air Niugini', 'iata': 'PX', 'icao': 'ANG'}","{'number': '275', 'iata': 'PX275', 'icao': 'ANG275', 'codeshared': None}",,
2024-09-24,scheduled,"{'airport': 'Hangzhou', 'timezone': 'Asia/Shanghai', 'iata': 'HGH', 'icao': 'ZSHC', 'terminal': '3', 'gate': None, 'delay': None, 'scheduled': '2024-09-24T06:45:00+00:00', 'estimated': '2024-09-24T06:45:00+00:00', 'actual': None, 'estimated_runway': None, 'actual_runway': None}","{'airport': 'Qingyang', 'timezone': 'Asia/Shanghai', 'iata': 'IQN', 'icao': 'ZLQY', 'terminal': None, 'gate': None, 'baggage': None, 'delay': None, 'scheduled': '2024-09-24T09:15:00+00:00', 'estimated': '2024-09-24T09:15:00+00:00', 'actual': None, 'estimated_runway': None, 'actual_runway': None}","{'name': 'Tibet Airlines', 'iata': 'TV', 'icao': 'TBA'}","{'number': '2095', 'iata': 'TV2095', 'icao': 'TBA2095', 'codeshared': {'airline_name': 'loong air', 'airline_iata': 'gj', 'airline_icao': 'cdc', 'flight_number': '8581', 'flight_iata': 'gj8581', 'flight_icao': 'cdc8581'}}",,
2024-09-24,scheduled,"{'airport': 'Guangzhou Baiyun International', 'timezone': 'Asia/Shanghai', 'iata': 'CAN', 'icao': 'ZGGG', 'terminal': '1', 'gate': None, 'delay': None, 'scheduled': '2024-09-24T06:30:00+00:00', 'estimated': '2024-09-24T06:30:00+00:00', 'actual': None, 'estimated_runway': None, 'actual_runway': None}","{'airport': None, 'timezone': None, 'iata': 'YSQ', 'icao': 'ZYSQ', 'terminal': None, 'gate': None, 'baggage': None, 'delay': None, 'scheduled': '2024-09-24T12:20:00+00:00', 'estimated': '2024-09-24T12:20:00+00:00', 'actual': None, 'estimated_runway': None, 'actual_runway': None}","{'name': '9 Air Co', 'iata': 'AQ', 'icao': 'JYH'}","{'number': '1189', 'iata': 'AQ1189', 'icao': 'JYH1189', 'codeshared': None}",,
2024-09-24,scheduled,"{'airport': 'Seoul (Incheon)', 'timezone': 'Asia/Seoul', 'iata': 'ICN', 'icao': 'RKSI', 'terminal': '1', 'gate': 'L13', 'delay': None, 'scheduled': '2024-09-24T07:10:00+00:00', 'estimated': '2024-09-24T07:10:00+00:00', 'actual': None, 'estimated_runway': None, 'actual_runway': None}","{'airport': 'Kansai International', 'timezone': 'Asia/Tokyo', 'iata': 'KIX', 'icao': 'RJBB', 'terminal': '2', 'gate': '85', 'baggage': None, 'delay': None, 'scheduled': '2024-09-24T09:00:00+00:00', 'estimated': '2024-09-24T09:00:00+00:00', 'actual': None, 'estimated_runway': None, 'actual_runway': None}","{'name': 'Jeju Air', 'iata': '7C', 'icao': 'JJA'}","{'number': '1304', 'iata': '7C1304', 'icao': 'JJA1304', 'codeshared': None}",,
2024-09-24,scheduled,"{'airport': 'Guangzhou Baiyun International', 'timezone': 'Asia/Shanghai', 'iata': 'CAN', 'icao': 'ZGGG', 'terminal': None, 'gate': 'K', 'delay': None, 'scheduled': '2024-09-24T02:40:00+00:00', 'estimated': '2024-09-24T02:40:00+00:00', 'actual': None, 'estimated_runway': None, 'actual_runway': None}","{'airport': 'Narita International Airport', 'timezone': 'Asia/Tokyo', 'iata': 'NRT', 'icao': 'RJAA', 'terminal': '2', 'gate': None, 'baggage': None, 'delay': None, 'scheduled': '2024-09-24T07:55:00+00:00', 'estimated': '2024-09-24T07:55:00+00:00', 'actual': None, 'estimated_runway': None, 'actual_runway': None}","{'name': 'ANA', 'iata': 'NH', 'icao': 'ANA'}","{'number': '8490', 'iata': 'NH8490', 'icao': 'ANA8490', 'codeshared': None}",,
2024-09-24,scheduled,"{'airport': 'Tianjin Binhai International', 'timezone': 'Asia/Shanghai', 'iata': 'TSN', 'icao': 'ZBTJ', 'terminal': '2', 'gate': '228', 'delay': None, 'scheduled': '2024-09-24T07:10:00+00:00', 'estimated': '2024-09-24T07:10:00+00:00', 'actual': None, 'estimated_runway': None, 'actual_runway': None}","{'airport': 'Xiamen', 'timezone': 'Asia/Shanghai', 'iata': 'XMN', 'icao': 'ZSAM', 'terminal': '3', 'gate': None, 'baggage': None, 'delay': None, 'scheduled': '2024-09-24T09:50:00+00:00', 'estimated': '2024-09-24T09:50:00+00:00', 'actual': None, 'estimated_runway': None, 'actual_runway': None}","{'name': 'Hebei Airlines', 'iata': 'NS', 'icao': 'HBH'}","{'number': '8132', 'iata': 'NS8132', 'icao': 'HBH8132', 'codeshared': {'airline_name': 'xiamen airlines', 'airline_iata': 'mf', 'airline_icao': 'cxa', 'flight_number': '8136', 'flight_iata': 'mf8136', 'flight_icao': 'cxa8136'}}",,
2024-09-24,scheduled,"{'airport': 'Quaid-e-azam International', 'timezone': 'Asia/Karachi', 'iata': 'KHI', 'icao': 'OPKC', 'terminal': 'M', 'gate': None, 'delay': None, 'scheduled': '2024-09-24T04:00:00+00:00', 'estimated': '2024-09-24T04:00:00+00:00', 'actual': None, 'estimated_runway': None, 'actual_runway': None}","{'airport': 'Doha International', 'timezone': 'Asia/Qatar', 'iata': 'DOH', 'icao': 'OTHH', 'terminal': None, 'gate': None, 'baggage': None, 'delay': None, 'scheduled': '2024-09-24T04:30:00+00:00', 'estimated': '2024-09-24T04:30:00+00:00', 'actual': None, 'estimated_runway': None, 'actual_runway': None}","{'name': 'Iberia', 'iata': 'IB', 'icao': 'IBE'}","{'number': '7907', 'iata': 'IB7907', 'icao': 'IBE7907', 'codeshared': {'airline_name': 'qatar airways', 'airline_iata': 'qr', 'airline_icao': 'qtr', 'flight_number': '605', 'flight_iata': 'qr605', 'flight_icao': 'qtr605'}}",,
2024-09-24,scheduled,"{'airport': 'Seoul (Incheon)', 'timezone': 'Asia/Seoul', 'iata': 'ICN', 'icao': 'RKSI', 'terminal': '2', 'gate': '230', 'delay': None, 'scheduled': '2024-09-24T07:30:00+00:00', 'estimated': '2024-09-24T07:30:00+00:00', 'actual': None, 'estimated_runway': None, 'actual_runway': None}","{'airport': 'Chu-Bu Centrair International (Central Japan International)', 'timezone': 'Asia/Tokyo', 'iata': 'NGO', 'icao': 'RJGG', 'terminal': '1', 'gate': None, 'baggage': None, 'delay': None, 'scheduled': '2024-09-24T09:25:00+00:00', 'estimated': '2024-09-24T09:25:00+00:00', 'actual': None, 'estimated_runway': None, 'actual_runway': None}","{'name': 'Jin Air', 'iata': 'LJ', 'icao': 'JNA'}","{'number': '345', 'iata': 'LJ345', 'icao': 'JNA345', 'codeshared': None}",,
2024-09-24,scheduled,"{'airport': 'Canberra', 'timezone': 'Australia/Sydney', 'iata': 'CBR', 'icao': 'YSCB', 'terminal': None, 'gate': '9', 'delay': None, 'scheduled': '2024-09-24T09:00:00+00:00', 'estimated': '2024-09-24T09:00:00+00:00', 'actual': None, 'estimated_runway': None, 'actual_runway': None}","{'airport': 'Brisbane International', 'timezone': 'Australia/Brisbane', 'iata': 'BNE', 'icao': 'YBBN', 'terminal': 'D', 'gate': None, 'baggage': 'D02', 'delay': None, 'scheduled': '2024-09-24T10:40:00+00:00', 'estimated': '2024-09-24T10:40:00+00:00', 'actual': None, 'estimated_runway': None, 'actual_runway': None}","{'name': 'Qantas', 'iata': 'QF', 'icao': 'QFA'}","{'number': '1904', 'iata': 'QF1904', 'icao': 'QFA1904', 'codeshared': None}",,
2024-09-24,scheduled,"{'airport': 'Taiwan Taoyuan International (Chiang Kai Shek International)', 'timezone': 'Asia/Taipei', 'iata': 'TPE', 'icao': 'RCTP', 'terminal': '2', 'gate': 'C5R', 'delay': None, 'scheduled': '2024-09-24T06:30:00+00:00', 'estimated': '2024-09-24T06:30:00+00:00', 'actual': None, 'estimated_runway': None, 'actual_runway': None}","{'airport': 'Kansai International', 'timezone': 'Asia/Tokyo', 'iata': 'KIX', 'icao': 'RJBB', 'terminal': '1', 'gate': '11', 'baggage': None, 'delay': None, 'scheduled': '2024-09-24T10:10:00+00:00', 'estimated': '2024-09-24T10:10:00+00:00', 'actual': None, 'estimated_runway': None, 'actual_runway': None}","{'name': 'EVA Air', 'iata': 'BR', 'icao': 'EVA'}","{'number': '178', 'iata': 'BR178', 'icao': 'EVA178', 'codeshared': None}",,
2024-09-24,scheduled,"{'airport': 'Taiwan Taoyuan International (Chiang Kai Shek International)', 'timezone': 'Asia/Taipei', 'iata': 'TPE', 'icao': 'RCTP', 'terminal': '2', 'gate': 'C5R', 'delay': None, 'scheduled': '2024-09-24T06:30:00+00:00', 'estimated': '2024-09-24T06:30:00+00:00', 'actual': None, 'estimated_runway': None, 'actual_runway': None}","{'airport': 'Kansai International', 'timezone': 'Asia/Tokyo', 'iata': 'KIX', 'icao': 'RJBB', 'terminal': '1', 'gate': '11', 'baggage': None, 'delay': None, 'scheduled': '2024-09-24T10:10:00+00:00', 'estimated': '2024-09-24T10:10:00+00:00', 'actual': None, 'estimated_runway': None, 'actual_runway': None}","{'name': 'Thai Airways International', 'iata': 'TG', 'icao': 'THA'}","{'number': '6354', 'iata': 'TG6354', 'icao': 'THA6354', 'codeshared': {'airline_name': 'eva air', 'airline_iata': 'br', 'airline_icao': 'eva', 'flight_number': '178', 'flight_iata': 'br178', 'flight_icao': 'eva178'}}",,
2024-09-24,scheduled,"{'airport': 'Fukuoka', 'timezone': 'Asia/Tokyo', 'iata': 'FUK', 'icao': 'RJFF', 'terminal': 'D', 'gate': '1', 'delay': None, 'scheduled': '2024-09-24T07:05:00+00:00', 'estimated': '2024-09-24T07:05:00+00:00', 'actual': None, 'estimated_runway': None, 'actual_runway': None}","{'airport': 'Naha', 'timezone': 'Asia/Tokyo', 'iata': 'OKA', 'icao': 'ROAH', 'terminal': 'D', 'gate': None, 'baggage': None, 'delay': None, 'scheduled': '2024-09-24T08:45:00+00:00', 'estimated': '2024-09-24T08:45:00+00:00', 'actual': None, 'estimated_runway': None, 'actual_runway': None}","{'name': 'ANA', 'iata': 'NH', 'icao': 'ANA'}","{'number': '1201', 'iata': 'NH1201', 'icao': 'ANA1201', 'codeshared': None}",,
2024-09-24,scheduled,"{'airport': 'Cairo International Airport', 'timezone': 'Africa/Cairo', 'iata': 'CAI', 'icao': 'HECA', 'terminal': '3', 'gate': None, 'delay': None, 'scheduled': '2024-09-24T00:45:00+00:00', 'estimated': '2024-09-24T00:45:00+00:00', 'actual': None, 'estimated_runway': None, 'actual_runway': None}","{'airport': 'Kuwait International', 'timezone': 'Asia/Kuwait', 'iata': 'KWI', 'icao': 'OKKK', 'terminal': '1', 'gate': 'T1', 'baggage': None, 'delay': None, 'scheduled': '2024-09-24T03:15:00+00:00', 'estimated': '2024-09-24T03:15:00+00:00', 'actual': None, 'estimated_runway': None, 'actual_runway': None}","{'name': 'Air Canada', 'iata': 'AC', 'icao': 'ACA'}","{'number': '2855', 'iata': 'AC2855', 'icao': 'ACA2855', 'codeshared': {'airline_name': 'egyptair', 'airline_iata': 'ms', 'airline_icao': 'msr', 'flight_number': '612', 'flight_iata': 'ms612', 'flight_icao': 'msr612'}}",,
2024-09-24,scheduled,"{'airport': 'Larnaca', 'timezone': 'Asia/Nicosia', 'iata': 'LCA', 'icao': 'LCLK', 'terminal': None, 'gate': None, 'delay': 10, 'scheduled': '2024-09-24T00:25:00+00:00', 'estimated': '2024-09-24T00:25:00+00:00', 'actual': None, 'estimated_runway': None, 'actual_runway': None}","{'airport': 'Sturup', 'timezone': 'Europe/Stockholm', 'iata': 'MMX', 'icao': 'ESMS', 'terminal': None, 'gate': None, 'baggage': None, 'delay': None, 'scheduled': '2024-09-24T03:25:00+00:00', 'estimated': '2024-09-24T03:25:00+00:00', 'actual': None, 'estimated_runway': None, 'actual_runway': None}","{'name': 'Sunclass Airlines', 'iata': 'DK', 'icao': 'VKG'}","{'number': '1489', 'iata': 'DK1489', 'icao': 'VKG1489', 'codeshared': None}",,
2024-09-24,scheduled,"{'airport': 'Haneda Airport', 'timezone': 'Asia/Tokyo', 'iata': 'HND', 'icao': 'RJTT', 'terminal': '1', 'gate': '8', 'delay': None, 'scheduled': '2024-09-24T08:05:00+00:00', 'estimated': '2024-09-24T08:05:00+00:00', 'actual': None, 'estimated_runway': None, 'actual_runway': None}","{'airport': 'Miyazaki', 'timezone': 'Asia/Tokyo', 'iata': 'KMI', 'icao': 'RJFM', 'terminal': None, 'gate': None, 'baggage': None, 'delay': None, 'scheduled': '2024-09-24T09:45:00+00:00', 'estimated': '2024-09-24T09:45:00+00:00', 'actual': None, 'estimated_runway': None, 'actual_runway': None}","{'name': 'Air France', 'iata': 'AF', 'icao': 'AFR'}","{'number': '8176', 'iata': 'AF8176', 'icao': 'AFR8176', 'codeshared': {'airline_name': 'jal', 'airline_iata': 'jl', 'airline_icao': 'jal', 'flight_number': '687', 'flight_iata': 'jl687', 'flight_icao': 'jal687'}}",,
2024-09-24,scheduled,"{'airport': 'Indira Gandhi International', 'timezone': 'Asia/Kolkata', 'iata': 'DEL', 'icao': 'VIDP', 'terminal': '3', 'gate': '3', 'delay': None, 'scheduled': '2024-09-24T01:55:00+00:00', 'estimated': '2024-09-24T01:55:00+00:00', 'actual': None, 'estimated_runway': None, 'actual_runway': None}","{'airport': 'Washington Dulles International', 'timezone': 'America/New_York', 'iata': 'IAD', 'icao': 'KIAD', 'terminal': None, 'gate': None, 'baggage': '20', 'delay': None, 'scheduled': '2024-09-24T07:15:00+00:00', 'estimated': '2024-09-24T07:15:00+00:00', 'actual': None, 'estimated_runway': None, 'actual_runway': None}","{'name': 'Air India', 'iata': 'AI', 'icao': 'AIC'}","{'number': '103', 'iata': 'AI103', 'icao': 'AIC103', 'codeshared': None}",,
2024-09-24,scheduled,"{'airport': None, 'timezone': None, 'iata': 'IKA', 'icao': 'OIIE', 'terminal': None, 'gate': None, 'delay': 10, 'scheduled': '2024-09-24T01:30:00+00:00', 'estimated': '2024-09-24T01:30:00+00:00', 'actual': None, 'estimated_runway': None, 'actual_runway': None}","{'airport': 'Gazipasa Airport', 'timezone': 'Europe/Istanbul', 'iata': 'GZP', 'icao': 'LTFG', 'terminal': None, 'gate': None, 'baggage': None, 'delay': None, 'scheduled': '2024-09-24T03:46:00+00:00', 'estimated': '2024-09-24T03:46:00+00:00', 'actual': None, 'estimated_runway': None, 'actual_runway': None}","{'name': 'Freebird Airlines', 'iata': 'FH', 'icao': 'FHY'}","{'number': '934', 'iata': 'FH934', 'icao': 'FHY934', 'codeshared': None}",,
2024-09-24,scheduled,"{'airport': 'Indira Gandhi International', 'timezone': 'Asia/Kolkata', 'iata': 'DEL', 'icao': 'VIDP', 'terminal': '2', 'gate': 'T26', 'delay': None, 'scheduled': '2024-09-24T01:45:00+00:00', 'estimated': '2024-09-24T01:45:00+00:00', 'actual': None, 'estimated_runway': None, 'actual_runway': None}","{'airport': 'Chhatrapati Shivaji International (Sahar International)', 'timezone': 'Asia/Kolkata', 'iata': 'BOM', 'icao': 'VABB', 'terminal': '2', 'gate': None, 'baggage': None, 'delay': None, 'scheduled': '2024-09-24T04:00:00+00:00', 'estimated': '2024-09-24T04:00:00+00:00', 'actual': None, 'estimated_runway': None, 'actual_runway': None}","{'name': 'IndiGo', 'iata': '6E', 'icao': 'IGO'}","{'number': '2716', 'iata': '6E2716', 'icao': 'IGO2716', 'codeshared': None}",,
2024-09-24,scheduled,"{'airport': 'Brisbane International', 'timezone': 'Australia/Brisbane', 'iata': 'BNE', 'icao': 'YBBN', 'terminal': 'D', 'gate': None, 'delay': 5, 'scheduled': '2024-09-24T07:10:00+00:00', 'estimated': '2024-09-24T07:10:00+00:00', 'actual': None, 'estimated_runway': None, 'actual_runway': None}","{'airport': 'Sydney Kingsford Smith Airport', 'timezone': 'Australia/Sydney', 'iata': 'SYD', 'icao': 'YSSY', 'terminal': '3', 'gate': 'T3G', 'baggage': 'QFR', 'delay': None, 'scheduled': '2024-09-24T08:45:00+00:00', 'estimated': '2024-09-24T08:45:00+00:00', 'actual': None, 'estimated_runway': None, 'actual_runway': None}","{'name': 'Emirates', 'iata': 'EK', 'icao': 'UAE'}","{'number': '5505', 'iata': 'EK5505', 'icao': 'UAE5505', 'codeshared': {'airline_name': 'qantas', 'airline_iata': 'qf', 'airline_icao': 'qfa', 'flight_number': '505', 'flight_iata': 'qf505', 'flight_icao': 'qfa505'}}",,
2024-09-24,scheduled,"{'airport': 'Xiamen', 'timezone': 'Asia/Shanghai', 'iata': 'XMN', 'icao': 'ZSAM', 'terminal': '4', 'gate': None, 'delay': None, 'scheduled': '2024-09-24T07:05:00+00:00', 'estimated': '2024-09-24T07:05:00+00:00', 'actual': None, 'estimated_runway': None, 'actual_runway': None}","{'airport': 'Jinan', 'timezone': 'Asia/Shanghai', 'iata': 'TNA', 'icao': 'ZSJN', 'terminal': None, 'gate': None, 'baggage': None, 'delay': None, 'scheduled': '2024-09-24T09:25:00+00:00', 'estimated': '2024-09-24T09:25:00+00:00', 'actual': None, 'estimated_runway': None, 'actual_runway': None}","{'name': 'Shandong Airlines', 'iata': 'SC', 'icao': 'CDG'}","{'number': '8412', 'iata': 'SC8412', 'icao': 'CDG8412', 'codeshared': None}",,
2024-09-24,scheduled,"{'airport': 'Abu Dhabi International', 'timezone': 'Asia/Dubai', 'iata': 'AUH', 'icao': 'OMAA', 'terminal': 'A', 'gate': None, 'delay': None, 'scheduled': '2024-09-24T02:45:00+00:00', 'estimated': '2024-09-24T02:45:00+00:00', 'actual': None, 'estimated_runway': None, 'actual_runway': None}","{'airport': 'Zia International', 'timezone': 'Asia/Dhaka', 'iata': 'DAC', 'icao': 'VGHS', 'terminal': '2', 'gate': None, 'baggage': None, 'delay': None, 'scheduled': '2024-09-24T09:30:00+00:00', 'estimated': '2024-09-24T09:30:00+00:00', 'actual': None, 'estimated_runway': None, 'actual_runway': None}","{'name': 'Biman Bangladesh Airlines', 'iata': 'BG', 'icao': 'BBC'}","{'number': '328', 'iata': 'BG328', 'icao': 'BBC328', 'codeshared': None}",,
2024-09-24,scheduled,"{'airport': 'Babelthuap/Koror', 'timezone': 'Pacific/Palau', 'iata': 'ROR', 'icao': 'PTRO', 'terminal': None, 'gate': '3', 'delay': None, 'scheduled': '2024-09-24T02:05:00+00:00', 'estimated': '2024-09-24T02:05:00+00:00', 'actual': None, 'estimated_runway': None, 'actual_runway': None}","{'airport': 'Guam International', 'timezone': 'Pacific/Guam', 'iata': 'GUM', 'icao': 'PGUM', 'terminal': '2', 'gate': '19', 'baggage': None, 'delay': None, 'scheduled': '2024-09-24T05:10:00+00:00', 'estimated': '2024-09-24T05:10:00+00:00', 'actual': None, 'estimated_runway': None, 'actual_runway': None}","{'name': 'United Airlines', 'iata': 'UA', 'icao': 'UAL'}","{'number': '158', 'iata': 'UA158', 'icao': 'UAL158', 'codeshared': None}",,
2024-09-24,scheduled,"{'airport': 'Auckland International', 'timezone': 'Pacific/Auckland', 'iata': 'AKL', 'icao': 'NZAA', 'terminal': 'D', 'gate': '49', 'delay': None, 'scheduled': '2024-09-24T07:50:00+00:00', 'estimated': '2024-09-24T07:50:00+00:00', 'actual': None, 'estimated_runway': None, 'actual_runway': None}","{'airport': 'Taupo', 'timezone': 'Pacific/Auckland', 'iata': 'TUO', 'icao': 'NZAP', 'terminal': None, 'gate': None, 'baggage': None, 'delay': None, 'scheduled': '2024-09-24T08:40:00+00:00', 'estimated': '2024-09-24T08:40:00+00:00', 'actual': None, 'estimated_runway': None, 'actual_runway': None}","{'name': 'Singapore Airlines', 'iata': 'SQ', 'icao': 'SIA'}","{'number': '4430', 'iata': 'SQ4430', 'icao': 'SIA4430', 'codeshared': {'airline_name': 'air new zealand', 'airline_iata': 'nz', 'airline_icao': 'anz', 'flight_number': '5091', 'flight_iata': 'nz5091', 'flight_icao': 'anz5091'}}",,
2024-09-24,scheduled,"{'airport': 'Noibai International', 'timezone': 'Asia/Ho_Chi_Minh', 'iata': 'HAN', 'icao': 'VVNB', 'terminal': None, 'gate': None, 'delay': None, 'scheduled': '2024-09-24T04:00:00+00:00', 'estimated': '2024-09-24T04:00:00+00:00', 'actual': None, 'estimated_runway': None, 'actual_runway': None}","{'airport': 'Singapore Changi', 'timezone': 'Asia/Singapore', 'iata': 'SIN', 'icao': 'WSSS', 'terminal': None, 'gate': None, 'baggage': None, 'delay': None, 'scheduled': '2024-09-24T08:10:00+00:00', 'estimated': '2024-09-24T08:10:00+00:00', 'actual': None, 'estimated_runway': None, 'actual_runway': None}","{'name': 'Asiana Airlines', 'iata': 'OZ', 'icao': 'AAR'}","{'number': '383', 'iata': 'OZ383', 'icao': 'AAR383', 'codeshared': None}",,
2024-09-24,scheduled,"{'airport': 'Gimpo Airport', 'timezone': 'Asia/Seoul', 'iata': 'GMP', 'icao': 'RKSS', 'terminal': 'D', 'gate': None, 'delay': None, 'scheduled': '2024-09-24T06:15:00+00:00', 'estimated': '2024-09-24T06:15:00+00:00', 'actual': None, 'estimated_runway': None, 'actual_runway': None}","{'airport': 'Jeju Airport', 'timezone': 'Asia/Seoul', 'iata': 'CJU', 'icao': 'RKPC', 'terminal': 'I', 'gate': None, 'baggage': None, 'delay': None, 'scheduled': '2024-09-24T07:30:00+00:00', 'estimated': '2024-09-24T07:30:00+00:00', 'actual': None, 'estimated_runway': None, 'actual_runway': None}","{'name': 'Jeju Air', 'iata': '7C', 'icao': 'JJA'}","{'number': '101', 'iata': '7C101', 'icao': 'JJA101', 'codeshared': None}",,
2024-09-24,scheduled,"{'airport': 'Xiamen', 'timezone': 'Asia/Shanghai', 'iata': 'XMN', 'icao': 'ZSAM', 'terminal': '4', 'gate': None, 'delay': None, 'scheduled': '2024-09-24T06:30:00+00:00', 'estimated': '2024-09-24T06:30:00+00:00', 'actual': None, 'estimated_runway': None, 'actual_runway': None}","{'airport': 'Qingdao', 'timezone': 'Asia/Shanghai', 'iata': 'TAO', 'icao': 'ZSQD', 'terminal': None, 'gate': None, 'baggage': None, 'delay': None, 'scheduled': '2024-09-24T09:00:00+00:00', 'estimated': '2024-09-24T09:00:00+00:00', 'actual': None, 'estimated_runway': None, 'actual_runway': None}","{'name': 'Air China LTD', 'iata': 'CA', 'icao': 'CCA'}","{'number': '4816', 'iata': 'CA4816', 'icao': 'CCA4816', 'codeshared': {'airline_name': 'shandong airlines', 'airline_iata': 'sc', 'airline_icao': 'cdg', 'flight_number': '4786', 'flight_iata': 'sc4786', 'flight_icao': 'cdg4786'}}",,
2024-09-24,scheduled,"{'airport': 'Samratulangi', 'timezone': 'Asia/Makassar', 'iata': 'MDC', 'icao': 'WAMM', 'terminal': None, 'gate': None, 'delay': None, 'scheduled': '2024-09-24T06:00:00+00:00', 'estimated': '2024-09-24T06:00:00+00:00', 'actual': None, 'estimated_runway': None, 'actual_runway': None}","{'airport': 'Hasanudin', 'timezone': 'Asia/Makassar', 'iata': 'UPG', 'icao': 'WAAA', 'terminal': None, 'gate': None, 'baggage': None, 'delay': None, 'scheduled': '2024-09-24T07:40:00+00:00', 'estimated': '2024-09-24T07:40:00+00:00', 'actual': None, 'estimated_runway': None, 'actual_runway': None}","{'name': 'Lion Air', 'iata': 'JT', 'icao': 'LNI'}","{'number': '707', 'iata': 'JT707', 'icao': 'LNI707', 'codeshared': None}",,
2024-09-24,scheduled,"{'airport': 'Melbourne - Tullamarine Airport', 'timezone': 'Australia/Melbourne', 'iata': 'MEL', 'icao': 'YMML', 'terminal': '1', 'gate': '9', 'delay': None, 'scheduled': '2024-09-24T06:00:00+00:00', 'estimated': '2024-09-24T06:00:00+00:00', 'actual': None, 'estimated_runway': None, 'actual_runway': None}","{'airport': 'Brisbane International', 'timezone': 'Australia/Brisbane', 'iata': 'BNE', 'icao': 'YBBN', 'terminal': 'D', 'gate': None, 'baggage': 'D01', 'delay': None, 'scheduled': '2024-09-24T08:10:00+00:00', 'estimated': '2024-09-24T08:10:00+00:00', 'actual': None, 'estimated_runway': None, 'actual_runway': None}","{'name': 'Emirates', 'iata': 'EK', 'icao': 'UAE'}","{'number': '5600', 'iata': 'EK5600', 'icao': 'UAE5600', 'codeshared': {'airline_name': 'qantas', 'airline_iata': 'qf', 'airline_icao': 'qfa', 'flight_number': '600', 'flight_iata': 'qf600', 'flight_icao': 'qfa600'}}",,
2024-09-24,cancelled,"{'airport': 'Sydney Kingsford Smith Airport', 'timezone': 'Australia/Sydney', 'iata': 'SYD', 'icao': 'YSSY', 'terminal': '3', 'gate': 'T3G', 'delay': None, 'scheduled': '2024-09-24T07:00:00+00:00', 'estimated': '2024-09-24T07:00:00+00:00', 'actual': None, 'estimated_runway': None, 'actual_runway': None}","{'airport': 'Melbourne - Tullamarine Airport', 'timezone': 'Australia/Melbourne', 'iata': 'MEL', 'icao': 'YMML', 'terminal': '1', 'gate': None, 'baggage': None, 'delay': None, 'scheduled': '2024-09-24T08:35:00+00:00', 'estimated': '2024-09-24T08:35:00+00:00', 'actual': None, 'estimated_runway': None, 'actual_runway': None}","{'name': 'IndiGo', 'iata': '6E', 'icao': 'IGO'}","{'number': '4672', 'iata': '6E4672', 'icao': 'IGO4672', 'codeshared': {'airline_name': 'qantas', 'airline_iata': 'qf', 'airline_icao': 'qfa', 'flight_number': '409', 'flight_iata': 'qf409', 'flight_icao': 'qfa409'}}",,
2024-09-24,scheduled,"{'airport': 'Mackay', 'timezone': 'Australia/Brisbane', 'iata': 'MKY', 'icao': 'YBMK', 'terminal': None, 'gate': None, 'delay': None, 'scheduled': '2024-09-24T08:00:00+00:00', 'estimated': '2024-09-24T08:00:00+00:00', 'actual': None, 'estimated_runway': None, 'actual_runway': None}","{'airport': 'Brisbane International', 'timezone': 'Australia/Brisbane', 'iata': 'BNE', 'icao': 'YBBN', 'terminal': 'D', 'gate': None, 'baggage': 'D01', 'delay': None, 'scheduled': '2024-09-24T09:25:00+00:00', 'estimated': '2024-09-24T09:25:00+00:00', 'actual': None, 'estimated_runway': None, 'actual_runway': None}","{'name': 'Qantas', 'iata': 'QF', 'icao': 'QFA'}","{'number': '985', 'iata': 'QF985', 'icao': 'QFA985', 'codeshared': None}",,
2024-09-24,scheduled,"{'airport': 'Haneda Airport', 'timezone': 'Asia/Tokyo', 'iata': 'HND', 'icao': 'RJTT', 'terminal': '2', 'gate': '507', 'delay': None, 'scheduled': '2024-09-24T07:30:00+00:00', 'estimated': '2024-09-24T07:30:00+00:00', 'actual': None, 'estimated_runway': None, 'actual_runway': None}","{'airport': 'Saga', 'timezone': 'Asia/Tokyo', 'iata': 'HSG', 'icao': 'RJFS', 'terminal': None, 'gate': None, 'baggage': None, 'delay': None, 'scheduled': '2024-09-24T09:20:00+00:00', 'estimated': '2024-09-24T09:20:00+00:00', 'actual': None, 'estimated_runway': None, 'actual_runway': None}","{'name': 'ANA', 'iata': 'NH', 'icao': 'ANA'}","{'number': '451', 'iata': 'NH451', 'icao': 'ANA451', 'codeshared': None}",,
2024-09-24,scheduled,"{'airport': 'Thiruvananthapuram International', 'timezone': 'Asia/Kolkata', 'iata': 'TRV', 'icao': 'VOTV', 'terminal': '2', 'gate': None, 'delay': None, 'scheduled': '2024-09-24T05:10:00+00:00', 'estimated': '2024-09-24T05:10:00+00:00', 'actual': None, 'estimated_runway': None, 'actual_runway': None}","{'airport': 'Abu Dhabi International', 'timezone': 'Asia/Dubai', 'iata': 'AUH', 'icao': 'OMAA', 'terminal': 'A', 'gate': None, 'baggage': None, 'delay': None, 'scheduled': '2024-09-24T07:50:00+00:00', 'estimated': '2024-09-24T07:50:00+00:00', 'actual': None, 'estimated_runway': None, 'actual_runway': None}","{'name': 'Air Arabia Abu Dhabi', 'iata': '3L', 'icao': 'ADY'}","{'number': '134', 'iata': '3L134', 'icao': 'ADY134', 'codeshared': None}",,
2024-09-24,scheduled,"{'airport': 'Naha', 'timezone': 'Asia/Tokyo', 'iata': 'OKA', 'icao': 'ROAH', 'terminal': 'D', 'gate': '25', 'delay': None, 'scheduled': '2024-09-24T07:25:00+00:00', 'estimated': '2024-09-24T07:25:00+00:00', 'actual': None, 'estimated_runway': None, 'actual_runway': None}","{'airport': 'Hirara', 'timezone': 'Asia/Tokyo', 'iata': 'MMY', 'icao': 'ROMY', 'terminal': None, 'gate': None, 'baggage': None, 'delay': None, 'scheduled': '2024-09-24T08:15:00+00:00', 'estimated': '2024-09-24T08:15:00+00:00', 'actual': None, 'estimated_runway': None, 'actual_runway': None}","{'name': 'Japan Transocean Air', 'iata': 'NU', 'icao': 'JTA'}","{'number': '551', 'iata': 'NU551', 'icao': 'JTA551', 'codeshared': None}",,
2024-09-24,scheduled,"{'airport': 'Kita Kyushu', 'timezone': 'Asia/Tokyo', 'iata': 'KKJ', 'icao': 'RJFR', 'terminal': None, 'gate': '2', 'delay': None, 'scheduled': '2024-09-24T06:15:00+00:00', 'estimated': '2024-09-24T06:15:00+00:00', 'actual': None, 'estimated_runway': None, 'actual_runway': None}","{'airport': 'Haneda Airport', 'timezone': 'Asia/Tokyo', 'iata': 'HND', 'icao': 'RJTT', 'terminal': '1', 'gate': None, 'baggage': None, 'delay': None, 'scheduled': '2024-09-24T07:50:00+00:00', 'estimated': '2024-09-24T07:50:00+00:00', 'actual': None, 'estimated_runway': None, 'actual_runway': None}","{'name': 'StarFlyer', 'iata': '7G', 'icao': 'SFJ'}","{'number': '70', 'iata': '7G70', 'icao': 'SFJ70', 'codeshared': None}",,
2024-09-24,scheduled,"{'airport': 'Soekarno-Hatta International', 'timezone': 'Asia/Jakarta', 'iata': 'CGK', 'icao': 'WIII', 'terminal': '3', 'gate': None, 'delay': None, 'scheduled': '2024-09-24T02:25:00+00:00', 'estimated': '2024-09-24T02:25:00+00:00', 'actual': None, 'estimated_runway': None, 'actual_runway': None}","{'airport': 'Samratulangi', 'timezone': 'Asia/Makassar', 'iata': 'MDC', 'icao': 'WAMM', 'terminal': 'T1', 'gate': None, 'baggage': None, 'delay': None, 'scheduled': '2024-09-24T06:50:00+00:00', 'estimated': '2024-09-24T06:50:00+00:00', 'actual': None, 'estimated_runway': None, 'actual_runway': None}","{'name': 'Emirates', 'iata': 'EK', 'icao': 'UAE'}","{'number': '7256', 'iata': 'EK7256', 'icao': 'UAE7256', 'codeshared': {'airline_name': 'garuda indonesia', 'airline_iata': 'ga', 'airline_icao': 'gia', 'flight_number': '606', 'flight_iata': 'ga606', 'flight_icao': 'gia606'}}",,
2024-09-24,active,"{'airport': 'Kota-Kinabalu International Airport', 'timezone': 'Asia/Kuching', 'iata': 'BKI', 'icao': 'WBKK', 'terminal': '1', 'gate': 'B2', 'delay': 5, 'scheduled': '2024-09-24T00:05:00+00:00', 'estimated': '2024-09-24T00:05:00+00:00', 'actual': '2024-09-24T00:10:00+00:00', 'estimated_runway': '2024-09-24T00:10:00+00:00', 'actual_runway': '2024-09-24T00:10:00+00:00'}","{'airport': 'Seoul (Incheon)', 'timezone': 'Asia/Seoul', 'iata': 'ICN', 'icao': 'RKSI', 'terminal': '1', 'gate': '124', 'baggage': '14', 'delay': None, 'scheduled': '2024-09-24T06:30:00+00:00', 'estimated': '2024-09-24T06:30:00+00:00', 'actual': None, 'estimated_runway': None, 'actual_runway': None}","{'name': None, 'iata': 'H1', 'icao': 'H1'}","{'number': '5912', 'iata': 'H15912', 'icao': 'H15912', 'codeshared': {'airline_name': ""t'way air"", 'airline_iata': 'tw', 'airline_icao': 'twb', 'flight_number': '170', 'flight_iata': 'tw170', 'flight_icao': 'twb170'}}",,
2024-09-24,scheduled,"{'airport': 'Brisbane International', 'timezone': 'Australia/Brisbane', 'iata': 'BNE', 'icao': 'YBBN', 'terminal': None, 'gate': None, 'delay': 54, 'scheduled': '2024-09-24T01:25:00+00:00', 'estimated': '2024-09-24T01:25:00+00:00', 'actual': '2024-09-24T02:19:00+00:00', 'estimated_runway': '2024-09-24T02:19:00+00:00', 'actual_runway': '2024-09-24T02:19:00+00:00'}","{'airport': 'Adelaide International Airport', 'timezone': 'Australia/Adelaide', 'iata': 'ADL', 'icao': 'YPAD', 'terminal': '1', 'gate': None, 'baggage': None, 'delay': 49, 'scheduled': '2024-09-24T03:55:00+00:00', 'estimated': '2024-09-24T03:55:00+00:00', 'actual': None, 'estimated_runway': None, 'actual_runway': None}","{'name': 'Qantas', 'iata': 'QF', 'icao': 'QFA'}","{'number': '7413', 'iata': 'QF7413', 'icao': 'QFA7413', 'codeshared': None}","{'registration': 'VH-SFV', 'iata': 'B462', 'icao': 'B462', 'icao24': '7C5BE9'}","{'updated': '2024-09-23T17:00:24+00:00', 'latitude': -29.6133, 'longitude': 150.618, 'altitude': 7292.34, 'direction': 234, 'speed_horizontal': 596.344, 'speed_vertical': 0, 'is_ground': False}"
2024-09-24,active,"{'airport': 'Krasnojarsk', 'timezone': 'Asia/Krasnoyarsk', 'iata': 'KJA', 'icao': 'UNKL', 'terminal': '1', 'gate': None, 'delay': None, 'scheduled': '2024-09-24T00:05:00+00:00', 'estimated': '2024-09-24T00:05:00+00:00', 'actual': None, 'estimated_runway': None, 'actual_runway': None}","{'airport': 'Phuket International', 'timezone': 'Asia/Bangkok', 'iata': 'HKT', 'icao': 'VTSP', 'terminal': 'I', 'gate': None, 'baggage': None, 'delay': None, 'scheduled': '2024-09-24T07:40:00+00:00', 'estimated': '2024-09-24T07:40:00+00:00', 'actual': None, 'estimated_runway': None, 'actual_runway': None}","{'name': 'Aeroflot', 'iata': 'SU', 'icao': 'AFL'}","{'number': '634', 'iata': 'SU634', 'icao': 'AFL634', 'codeshared': None}",,
2024-09-24,scheduled,"{'airport': 'Chhatrapati Shivaji International (Sahar International)', 'timezone': 'Asia/Kolkata', 'iata': 'BOM', 'icao': 'VABB', 'terminal': '2', 'gate': 'F', 'delay': None, 'scheduled': '2024-09-24T00:10:00+00:00', 'estimated': '2024-09-24T00:10:00+00:00', 'actual': None, 'estimated_runway': None, 'actual_runway': None}","{'airport': 'Don Muang', 'timezone': 'Asia/Bangkok', 'iata': 'DMK', 'icao': 'VTBD', 'terminal': '1', 'gate': None, 'baggage': None, 'delay': None, 'scheduled': '2024-09-24T05:45:00+00:00', 'estimated': '2024-09-24T05:45:00+00:00', 'actual': None, 'estimated_runway': None, 'actual_runway': None}","{'name': 'Thai Lion Air', 'iata': 'SL', 'icao': 'TLM'}","{'number': '219', 'iata': 'SL219', 'icao': 'TLM219', 'codeshared': None}",,
2024-09-24,scheduled,"{'airport': 'Samratulangi', 'timezone': 'Asia/Makassar', 'iata': 'MDC', 'icao': 'WAMM', 'terminal': None, 'gate': '34', 'delay': None, 'scheduled': '2024-09-24T06:00:00+00:00', 'estimated': '2024-09-24T06:00:00+00:00', 'actual': None, 'estimated_runway': None, 'actual_runway': None}","{'airport': 'Hasanudin', 'timezone': 'Asia/Makassar', 'iata': 'UPG', 'icao': 'WAAA', 'terminal': 'D', 'gate': None, 'baggage': '3', 'delay': None, 'scheduled': '2024-09-24T07:40:00+00:00', 'estimated': '2024-09-24T07:40:00+00:00', 'actual': None, 'estimated_runway': None, 'actual_runway': None}","{'name': None, 'iata': 'X1', 'icao': 'X1'}","{'number': '6230', 'iata': 'X16230', 'icao': 'X16230', 'codeshared': {'airline_name': 'lion air', 'airline_iata': 'jt', 'airline_icao': 'lni', 'flight_number': '741', 'flight_iata': 'jt741', 'flight_icao': 'lni741'}}",,
2024-09-24,active,"{'airport': 'Shanghai Pudong International', 'timezone': 'Asia/Shanghai', 'iata': 'PVG', 'icao': 'ZSPD', 'terminal': None, 'gate': None, 'delay': 10, 'scheduled': '2024-09-24T01:25:00+00:00', 'estimated': '2024-09-24T01:25:00+00:00', 'actual': None, 'estimated_runway': None, 'actual_runway': None}","{'airport': 'Ted Stevens Anchorage International Airport', 'timezone': 'America/Anchorage', 'iata': 'ANC', 'icao': 'PANC', 'terminal': None, 'gate': None, 'baggage': None, 'delay': None, 'scheduled': '2024-09-23T17:30:00+00:00', 'estimated': '2024-09-23T17:30:00+00:00', 'actual': None, 'estimated_runway': None, 'actual_runway': None}","{'name': 'China Southern Airlines', 'iata': 'CZ', 'icao': 'CSN'}","{'number': '435', 'iata': 'CZ435', 'icao': 'CSN435', 'codeshared': None}",,
2024-09-24,scheduled,"{'airport': 'Sydney Kingsford Smith Airport', 'timezone': 'Australia/Sydney', 'iata': 'SYD', 'icao': 'YSSY', 'terminal': '2', 'gate': 'A33', 'delay': None, 'scheduled': '2024-09-24T06:50:00+00:00', 'estimated': '2024-09-24T06:50:00+00:00', 'actual': None, 'estimated_runway': None, 'actual_runway': None}","{'airport': 'Ballina Byron Gateway', 'timezone': 'Australia/Sydney', 'iata': 'BNK', 'icao': 'YBNA', 'terminal': '2', 'gate': None, 'baggage': None, 'delay': None, 'scheduled': '2024-09-24T08:05:00+00:00', 'estimated': '2024-09-24T08:05:00+00:00', 'actual': None, 'estimated_runway': None, 'actual_runway': None}","{'name': 'Jetstar', 'iata': 'JQ', 'icao': 'JST'}","{'number': '456', 'iata': 'JQ456', 'icao': 'JST456', 'codeshared': None}",,
2024-09-24,scheduled,"{'airport': 'Shanghai', 'timezone': 'Asia/Shanghai', 'iata': 'HFE', 'icao': 'ZSOF', 'terminal': None, 'gate': 'A06', 'delay': None, 'scheduled': '2024-09-24T07:30:00+00:00', 'estimated': '2024-09-24T07:30:00+00:00', 'actual': None, 'estimated_runway': None, 'actual_runway': None}","{'airport': 'Shanghai Pudong International', 'timezone': 'Asia/Shanghai', 'iata': 'PVG', 'icao': 'ZSPD', 'terminal': '1', 'gate': None, 'baggage': '05', 'delay': None, 'scheduled': '2024-09-24T08:40:00+00:00', 'estimated': '2024-09-24T08:40:00+00:00', 'actual': None, 'estimated_runway': None, 'actual_runway': None}","{'name': 'Juneyao Airlines', 'iata': 'HO', 'icao': 'DKH'}","{'number': '5681', 'iata': 'HO5681', 'icao': 'DKH5681', 'codeshared': {'airline_name': 'china eastern airlines', 'airline_iata': 'mu', 'airline_icao': 'ces', 'flight_number': '6582', 'flight_iata': 'mu6582', 'flight_icao': 'ces6582'}}",,
2024-09-24,active,"{'airport': 'Beijing Capital International', 'timezone': 'Asia/Shanghai', 'iata': 'PEK', 'icao': 'ZBAA', 'terminal': '3', 'gate': 'H22', 'delay': 4, 'scheduled': '2024-09-24T01:00:00+00:00', 'estimated': '2024-09-24T01:00:00+00:00', 'actual': None, 'estimated_runway': None, 'actual_runway': None}","{'airport': 'Auckland International', 'timezone': 'Pacific/Auckland', 'iata': 'AKL', 'icao': 'NZAA', 'terminal': 'I', 'gate': None, 'baggage': '5', 'delay': None, 'scheduled': '2024-09-24T17:30:00+00:00', 'estimated': '2024-09-24T17:30:00+00:00', 'actual': None, 'estimated_runway': None, 'actual_runway': None}","{'name': 'Air New Zealand', 'iata': 'NZ', 'icao': 'ANZ'}","{'number': '3888', 'iata': 'NZ3888', 'icao': 'ANZ3888', 'codeshared': {'airline_name': 'air china ltd', 'airline_iata': 'ca', 'airline_icao': 'cca', 'flight_number': '783', 'flight_iata': 'ca783', 'flight_icao': 'cca783'}}",,
2024-09-24,scheduled,"{'airport': 'Gimpo Airport', 'timezone': 'Asia/Seoul', 'iata': 'GMP', 'icao': 'RKSS', 'terminal': 'D', 'gate': None, 'delay': None, 'scheduled': '2024-09-24T08:05:00+00:00', 'estimated': '2024-09-24T08:05:00+00:00', 'actual': None, 'estimated_runway': None, 'actual_runway': None}","{'airport': 'Gimhae', 'timezone': 'Asia/Seoul', 'iata': 'PUS', 'icao': 'RKPK', 'terminal': 'D', 'gate': None, 'baggage': None, 'delay': None, 'scheduled': '2024-09-24T09:10:00+00:00', 'estimated': '2024-09-24T09:10:00+00:00', 'actual': None, 'estimated_runway': None, 'actual_runway': None}","{'name': 'Korean Air', 'iata': 'KE', 'icao': 'KAL'}","{'number': '1807', 'iata': 'KE1807', 'icao': 'KAL1807', 'codeshared': None}",,
2024-09-24,scheduled,"{'airport': 'Brisbane International', 'timezone': 'Australia/Brisbane', 'iata': 'BNE', 'icao': 'YBBN', 'terminal': 'D', 'gate': '28', 'delay': None, 'scheduled': '2024-09-24T06:00:00+00:00', 'estimated': '2024-09-24T06:00:00+00:00', 'actual': None, 'estimated_runway': None, 'actual_runway': None}","{'airport': 'Williamtown', 'timezone': 'Australia/Sydney', 'iata': 'NTL', 'icao': 'YWLM', 'terminal': None, 'gate': None, 'baggage': None, 'delay': None, 'scheduled': '2024-09-24T07:15:00+00:00', 'estimated': '2024-09-24T07:15:00+00:00', 'actual': None, 'estimated_runway': None, 'actual_runway': None}","{'name': 'Jetstar', 'iata': 'JQ', 'icao': 'JST'}","{'number': '483', 'iata': 'JQ483', 'icao': 'JST483', 'codeshared': None}",,
2024-09-24,scheduled,"{'airport': 'Suvarnabhumi International', 'timezone': 'Asia/Bangkok', 'iata': 'BKK', 'icao': 'VTBS', 'terminal': None, 'gate': None, 'delay': None, 'scheduled': '2024-09-24T00:50:00+00:00', 'estimated': '2024-09-24T00:50:00+00:00', 'actual': None, 'estimated_runway': None, 'actual_runway': None}","{'airport': 'Fukuoka', 'timezone': 'Asia/Tokyo', 'iata': 'FUK', 'icao': 'RJFF', 'terminal': 'I', 'gate': None, 'baggage': None, 'delay': None, 'scheduled': '2024-09-24T08:00:00+00:00', 'estimated': '2024-09-24T08:00:00+00:00', 'actual': None, 'estimated_runway': None, 'actual_runway': None}","{'name': 'ANA', 'iata': 'NH', 'icao': 'ANA'}","{'number': '5990', 'iata': 'NH5990', 'icao': 'ANA5990', 'codeshared': {'airline_name': 'thai airways international', 'airline_iata': 'tg', 'airline_icao': 'tha', 'flight_number': '648', 'flight_iata': 'tg648', 'flight_icao': 'tha648'}}",,
2024-09-24,scheduled,"{'airport': 'Almaty', 'timezone': 'Asia/Almaty', 'iata': 'ALA', 'icao': 'UAAA', 'terminal': '1', 'gate': '202B', 'delay': None, 'scheduled': '2024-09-24T01:00:00+00:00', 'estimated': '2024-09-24T01:00:00+00:00', 'actual': None, 'estimated_runway': None, 'actual_runway': None}","{'airport': 'Dushanbe', 'timezone': 'Asia/Dushanbe', 'iata': 'DYU', 'icao': 'UTDD', 'terminal': None, 'gate': None, 'baggage': None, 'delay': None, 'scheduled': '2024-09-24T02:40:00+00:00', 'estimated': '2024-09-24T02:40:00+00:00', 'actual': None, 'estimated_runway': None, 'actual_runway': None}","{'name': 'Somon Air', 'iata': 'SZ', 'icao': 'SMR'}","{'number': '216', 'iata': 'SZ216', 'icao': 'SMR216', 'codeshared': None}",,
2024-09-24,cancelled,"{'airport': 'Soekarno-Hatta International', 'timezone': 'Asia/Jakarta', 'iata': 'CGK', 'icao': 'WIII', 'terminal': '2', 'gate': None, 'delay': None, 'scheduled': '2024-09-24T02:00:00+00:00', 'estimated': '2024-09-24T02:00:00+00:00', 'actual': None, 'estimated_runway': None, 'actual_runway': None}","{'airport': 'Samratulangi', 'timezone': 'Asia/Makassar', 'iata': 'MDC', 'icao': 'WAMM', 'terminal': 'T1', 'gate': None, 'baggage': None, 'delay': None, 'scheduled': '2024-09-24T06:20:00+00:00', 'estimated': '2024-09-24T06:20:00+00:00', 'actual': None, 'estimated_runway': None, 'actual_runway': None}","{'name': 'Batik Air', 'iata': 'ID', 'icao': 'BTK'}","{'number': '6742', 'iata': 'ID6742', 'icao': 'BTK6742', 'codeshared': None}",,
2024-09-24,scheduled,"{'airport': 'Tan Son Nhat International', 'timezone': 'Asia/Ho_Chi_Minh', 'iata': 'SGN', 'icao': 'VVTS', 'terminal': '2', 'gate': None, 'delay': None, 'scheduled': '2024-09-24T00:10:00+00:00', 'estimated': '2024-09-24T00:10:00+00:00', 'actual': None, 'estimated_runway': None, 'actual_runway': None}","{'airport': 'Seoul (Incheon)', 'timezone': 'Asia/Seoul', 'iata': 'ICN', 'icao': 'RKSI', 'terminal': '1', 'gate': '19', 'baggage': '4', 'delay': None, 'scheduled': '2024-09-24T07:10:00+00:00', 'estimated': '2024-09-24T07:10:00+00:00', 'actual': None, 'estimated_runway': None, 'actual_runway': None}","{'name': 'Asiana Airlines', 'iata': 'OZ', 'icao': 'AAR'}","{'number': '736', 'iata': 'OZ736', 'icao': 'AAR736', 'codeshared': None}",,
2024-09-24,scheduled,"{'airport': 'Ninoy Aquino International', 'timezone': 'Asia/Manila', 'iata': 'MNL', 'icao': 'RPLL', 'terminal': None, 'gate': None, 'delay': None, 'scheduled': '2024-09-24T01:20:00+00:00', 'estimated': '2024-09-24T01:20:00+00:00', 'actual': None, 'estimated_runway': None, 'actual_runway': None}","{'airport': 'Hangzhou', 'timezone': 'Asia/Shanghai', 'iata': 'HGH', 'icao': 'ZSHC', 'terminal': '3', 'gate': None, 'baggage': None, 'delay': None, 'scheduled': '2024-09-24T04:20:00+00:00', 'estimated': '2024-09-24T04:20:00+00:00', 'actual': None, 'estimated_runway': None, 'actual_runway': None}","{'name': 'YTO Cargo Airlines', 'iata': 'YG', 'icao': 'HYT'}","{'number': '9080', 'iata': 'YG9080', 'icao': 'HYT9080', 'codeshared': None}",,
2024-09-24,scheduled,"{'airport': 'Soekarno-Hatta International', 'timezone': 'Asia/Jakarta', 'iata': 'CGK', 'icao': 'WIII', 'terminal': '3', 'gate': 'E', 'delay': None, 'scheduled': '2024-09-24T02:05:00+00:00', 'estimated': '2024-09-24T02:05:00+00:00', 'actual': None, 'estimated_runway': None, 'actual_runway': None}","{'airport': 'Eltari', 'timezone': 'Asia/Dili', 'iata': 'KOE', 'icao': 'WATT', 'terminal': None, 'gate': None, 'baggage': None, 'delay': None, 'scheduled': '2024-09-24T06:05:00+00:00', 'estimated': '2024-09-24T06:05:00+00:00', 'actual': None, 'estimated_runway': None, 'actual_runway': None}","{'name': 'Citilink', 'iata': 'QG', 'icao': 'CTV'}","{'number': '602', 'iata': 'QG602', 'icao': 'CTV602', 'codeshared': None}",,
2024-09-24,scheduled,"{'airport': 'Tolmachevo', 'timezone': 'Asia/Novosibirsk', 'iata': 'OVB', 'icao': 'UNNT', 'terminal': None, 'gate': None, 'delay': None, 'scheduled': '2024-09-24T02:45:00+00:00', 'estimated': '2024-09-24T02:45:00+00:00', 'actual': None, 'estimated_runway': None, 'actual_runway': None}","{'airport': 'Irkutsk', 'timezone': 'Asia/Irkutsk', 'iata': 'IKT', 'icao': 'UIII', 'terminal': 'I', 'gate': None, 'baggage': None, 'delay': None, 'scheduled': '2024-09-24T06:05:00+00:00', 'estimated': '2024-09-24T06:05:00+00:00', 'actual': None, 'estimated_runway': None, 'actual_runway': None}","{'name': 'S7 Airlines', 'iata': 'S7', 'icao': 'SBI'}","{'number': '5227', 'iata': 'S75227', 'icao': 'SBI5227', 'codeshared': None}",,
2024-09-24,scheduled,"{'airport': 'Noibai International', 'timezone': 'Asia/Ho_Chi_Minh', 'iata': 'HAN', 'icao': 'VVNB', 'terminal': None, 'gate': None, 'delay': None, 'scheduled': '2024-09-24T03:50:00+00:00', 'estimated': '2024-09-24T03:50:00+00:00', 'actual': None, 'estimated_runway': None, 'actual_runway': None}","{'airport': 'Seoul (Incheon)', 'timezone': 'Asia/Seoul', 'iata': 'ICN', 'icao': 'RKSI', 'terminal': None, 'gate': None, 'baggage': None, 'delay': None, 'scheduled': '2024-09-24T10:00:00+00:00', 'estimated': '2024-09-24T10:00:00+00:00', 'actual': None, 'estimated_runway': None, 'actual_runway': None}","{'name': 'Korean Air', 'iata': 'KE', 'icao': 'KAL'}","{'number': '362', 'iata': 'KE362', 'icao': 'KAL362', 'codeshared': None}",,
2024-09-24,scheduled,"{'airport': 'Doha International', 'timezone': 'Asia/Qatar', 'iata': 'DOH', 'icao': 'OTHH', 'terminal': None, 'gate': None, 'delay': None, 'scheduled': '2024-09-24T01:05:00+00:00', 'estimated': '2024-09-24T01:05:00+00:00', 'actual': None, 'estimated_runway': None, 'actual_runway': None}","{'airport': 'Liege Airport', 'timezone': 'Europe/Brussels', 'iata': 'LGG', 'icao': 'EBLG', 'terminal': None, 'gate': None, 'baggage': None, 'delay': None, 'scheduled': '2024-09-24T06:35:00+00:00', 'estimated': '2024-09-24T06:35:00+00:00', 'actual': None, 'estimated_runway': None, 'actual_runway': None}","{'name': 'Qatar Airways', 'iata': 'QR', 'icao': 'QTR'}","{'number': '8050', 'iata': 'QR8050', 'icao': 'QTR8050', 'codeshared': None}",,
2024-09-24,scheduled,"{'airport': 'Chhatrapati Shivaji International (Sahar International)', 'timezone': 'Asia/Kolkata', 'iata': 'BOM', 'icao': 'VABB', 'terminal': '2', 'gate': None, 'delay': None, 'scheduled': '2024-09-24T00:40:00+00:00', 'estimated': '2024-09-24T00:40:00+00:00', 'actual': None, 'estimated_runway': None, 'actual_runway': None}","{'airport': 'Noibai International', 'timezone': 'Asia/Ho_Chi_Minh', 'iata': 'HAN', 'icao': 'VVNB', 'terminal': '2', 'gate': None, 'baggage': None, 'delay': None, 'scheduled': '2024-09-24T07:10:00+00:00', 'estimated': '2024-09-24T07:10:00+00:00', 'actual': None, 'estimated_runway': None, 'actual_runway': None}","{'name': None, 'iata': 'A1', 'icao': 'A1'}","{'number': '2910', 'iata': 'A12910', 'icao': 'A12910', 'codeshared': {'airline_name': 'vietjet air', 'airline_iata': 'vj', 'airline_icao': 'vjc', 'flight_number': '910', 'flight_iata': 'vj910', 'flight_icao': 'vjc910'}}",,
2024-09-24,scheduled,"{'airport': 'Taiwan Taoyuan International (Chiang Kai Shek International)', 'timezone': 'Asia/Taipei', 'iata': 'TPE', 'icao': 'RCTP', 'terminal': '1', 'gate': None, 'delay': None, 'scheduled': '2024-09-24T01:55:00+00:00', 'estimated': '2024-09-24T01:55:00+00:00', 'actual': None, 'estimated_runway': None, 'actual_runway': None}","{'airport': 'Chu-Bu Centrair International (Central Japan International)', 'timezone': 'Asia/Tokyo', 'iata': 'NGO', 'icao': 'RJGG', 'terminal': '1', 'gate': None, 'baggage': None, 'delay': None, 'scheduled': '2024-09-24T05:50:00+00:00', 'estimated': '2024-09-24T05:50:00+00:00', 'actual': None, 'estimated_runway': None, 'actual_runway': None}","{'name': 'Peach Aviation', 'iata': 'MM', 'icao': 'APJ'}","{'number': '722', 'iata': 'MM722', 'icao': 'APJ722', 'codeshared': None}",,
2024-09-24,scheduled,"{'airport': 'Wellington International', 'timezone': 'Pacific/Auckland', 'iata': 'WLG', 'icao': 'NZWN', 'terminal': None, 'gate': '13', 'delay': None, 'scheduled': '2024-09-24T08:50:00+00:00', 'estimated': '2024-09-24T08:50:00+00:00', 'actual': None, 'estimated_runway': None, 'actual_runway': None}","{'airport': 'Dunedin International', 'timezone': 'Pacific/Auckland', 'iata': 'DUD', 'icao': 'NZDN', 'terminal': None, 'gate': '9', 'baggage': None, 'delay': None, 'scheduled': '2024-09-24T10:10:00+00:00', 'estimated': '2024-09-24T10:10:00+00:00', 'actual': None, 'estimated_runway': None, 'actual_runway': None}","{'name': 'Etihad Airways', 'iata': 'EY', 'icao': 'ETD'}","{'number': '4539', 'iata': 'EY4539', 'icao': 'ETD4539', 'codeshared': {'airline_name': 'air new zealand', 'airline_iata': 'nz', 'airline_icao': 'anz', 'flight_number': '681', 'flight_iata': 'nz681', 'flight_icao': 'anz681'}}",,
2024-09-24,scheduled,"{'airport': 'Changsha', 'timezone': 'Asia/Shanghai', 'iata': 'CSX', 'icao': 'ZGHA', 'terminal': '2', 'gate': None, 'delay': None, 'scheduled': '2024-09-24T07:00:00+00:00', 'estimated': '2024-09-24T07:00:00+00:00', 'actual': None, 'estimated_runway': None, 'actual_runway': None}","{'airport': 'Xiamen', 'timezone': 'Asia/Shanghai', 'iata': 'XMN', 'icao': 'ZSAM', 'terminal': '3', 'gate': None, 'baggage': None, 'delay': None, 'scheduled': '2024-09-24T08:35:00+00:00', 'estimated': '2024-09-24T08:35:00+00:00', 'actual': None, 'estimated_runway': None, 'actual_runway': None}","{'name': 'Loong Air', 'iata': 'GJ', 'icao': 'CDC'}","{'number': '3762', 'iata': 'GJ3762', 'icao': 'CDC3762', 'codeshared': {'airline_name': 'xiamen airlines', 'airline_iata': 'mf', 'airline_icao': 'cxa', 'flight_number': '8838', 'flight_iata': 'mf8838', 'flight_icao': 'cxa8838'}}",,
2024-09-24,active,"{'airport': 'Haneda Airport', 'timezone': 'Asia/Tokyo', 'iata': 'HND', 'icao': 'RJTT', 'terminal': '2', 'gate': '71', 'delay': None, 'scheduled': '2024-09-24T00:40:00+00:00', 'estimated': '2024-09-24T00:40:00+00:00', 'actual': None, 'estimated_runway': None, 'actual_runway': None}","{'airport': 'Singapore Changi', 'timezone': 'Asia/Singapore', 'iata': 'SIN', 'icao': 'WSSS', 'terminal': '2', 'gate': 'E12', 'baggage': None, 'delay': None, 'scheduled': '2024-09-24T06:40:00+00:00', 'estimated': '2024-09-24T06:40:00+00:00', 'actual': None, 'estimated_runway': None, 'actual_runway': None}","{'name': 'United Airlines', 'iata': 'UA', 'icao': 'UAL'}","{'number': '7991', 'iata': 'UA7991', 'icao': 'UAL7991', 'codeshared': {'airline_name': 'ana', 'airline_iata': 'nh', 'airline_icao': 'ana', 'flight_number': '843', 'flight_iata': 'nh843', 'flight_icao': 'ana843'}}",,
2024-09-24,scheduled,"{'airport': 'Sydney Kingsford Smith Airport', 'timezone': 'Australia/Sydney', 'iata': 'SYD', 'icao': 'YSSY', 'terminal': '1', 'gate': 'K', 'delay': None, 'scheduled': '2024-09-24T06:15:00+00:00', 'estimated': '2024-09-24T06:15:00+00:00', 'actual': None, 'estimated_runway': None, 'actual_runway': None}","{'airport': 'Ngurah Rai International', 'timezone': 'Asia/Makassar', 'iata': 'DPS', 'icao': 'WADD', 'terminal': 'I', 'gate': None, 'baggage': '5', 'delay': None, 'scheduled': '2024-09-24T10:50:00+00:00', 'estimated': '2024-09-24T10:50:00+00:00', 'actual': None, 'estimated_runway': None, 'actual_runway': None}","{'name': 'KLM', 'iata': 'KL', 'icao': 'KLM'}","{'number': '3831', 'iata': 'KL3831', 'icao': 'KLM3831', 'codeshared': {'airline_name': 'jetstar', 'airline_iata': 'jq', 'airline_icao': 'jst', 'flight_number': '39', 'flight_iata': 'jq39', 'flight_icao': 'jst39'}}",,
2024-09-24,scheduled,"{'airport': 'Damascus International Airport', 'timezone': 'Asia/Damascus', 'iata': 'DAM', 'icao': 'OSDI', 'terminal': None, 'gate': None, 'delay': None, 'scheduled': '2024-09-24T00:05:00+00:00', 'estimated': '2024-09-24T00:05:00+00:00', 'actual': None, 'estimated_runway': None, 'actual_runway': None}","{'airport': 'Beirut Rafic Hariri Airport', 'timezone': 'Asia/Beirut', 'iata': 'BEY', 'icao': 'OLBA', 'terminal': 'MAIN', 'gate': None, 'baggage': None, 'delay': None, 'scheduled': '2024-09-24T00:55:00+00:00', 'estimated': '2024-09-24T00:55:00+00:00', 'actual': None, 'estimated_runway': None, 'actual_runway': None}","{'name': 'Cham Wings Airlines', 'iata': '6Q', 'icao': 'SAW'}","{'number': '201', 'iata': '6Q201', 'icao': 'SAW201', 'codeshared': None}",,
2024-09-24,scheduled,"{'airport': 'Canberra', 'timezone': 'Australia/Sydney', 'iata': 'CBR', 'icao': 'YSCB', 'terminal': None, 'gate': None, 'delay': None, 'scheduled': '2024-09-24T07:05:00+00:00', 'estimated': '2024-09-24T07:05:00+00:00', 'actual': None, 'estimated_runway': None, 'actual_runway': None}","{'airport': 'Sydney Kingsford Smith Airport', 'timezone': 'Australia/Sydney', 'iata': 'SYD', 'icao': 'YSSY', 'terminal': None, 'gate': None, 'baggage': None, 'delay': None, 'scheduled': '2024-09-24T07:39:00+00:00', 'estimated': '2024-09-24T07:39:00+00:00', 'actual': None, 'estimated_runway': None, 'actual_runway': None}","{'name': 'empty', 'iata': None, 'icao': None}","{'number': None, 'iata': None, 'icao': None, 'codeshared': None}",,
2024-09-24,scheduled,"{'airport': 'Almaty', 'timezone': 'Asia/Almaty', 'iata': 'ALA', 'icao': 'UAAA', 'terminal': '2', 'gate': 'B45', 'delay': None, 'scheduled': '2024-09-24T00:45:00+00:00', 'estimated': '2024-09-24T00:45:00+00:00', 'actual': None, 'estimated_runway': None, 'actual_runway': None}","{'airport': 'Frankfurt International Airport', 'timezone': 'Europe/Berlin', 'iata': 'FRA', 'icao': 'EDDF', 'terminal': '1', 'gate': 'B25A', 'baggage': None, 'delay': None, 'scheduled': '2024-09-24T05:50:00+00:00', 'estimated': '2024-09-24T05:50:00+00:00', 'actual': None, 'estimated_runway': None, 'actual_runway': None}","{'name': 'Air Astana', 'iata': 'KC', 'icao': 'KZR'}","{'number': '1646', 'iata': 'KC1646', 'icao': 'KZR1646', 'codeshared': {'airline_name': 'lufthansa', 'airline_iata': 'lh', 'airline_icao': 'dlh', 'flight_number': '646', 'flight_iata': 'lh646', 'flight_icao': 'dlh646'}}",,
2024-09-24,scheduled,"{'airport': 'Indira Gandhi International', 'timezone': 'Asia/Kolkata', 'iata': 'DEL', 'icao': 'VIDP', 'terminal': '3', 'gate': '34', 'delay': None, 'scheduled': '2024-09-24T03:35:00+00:00', 'estimated': '2024-09-24T03:35:00+00:00', 'actual': None, 'estimated_runway': None, 'actual_runway': None}","{'airport': 'Bangalore International Airport', 'timezone': 'Asia/Kolkata', 'iata': 'BLR', 'icao': 'VOBL', 'terminal': '2', 'gate': None, 'baggage': None, 'delay': None, 'scheduled': '2024-09-24T06:25:00+00:00', 'estimated': '2024-09-24T06:25:00+00:00', 'actual': None, 'estimated_runway': None, 'actual_runway': None}","{'name': 'Air India', 'iata': 'AI', 'icao': 'AIC'}","{'number': '514', 'iata': 'AI514', 'icao': 'AIC514', 'codeshared': None}",,
2024-09-24,scheduled,"{'airport': 'Brisbane International', 'timezone': 'Australia/Brisbane', 'iata': 'BNE', 'icao': 'YBBN', 'terminal': 'D', 'gate': '22', 'delay': None, 'scheduled': '2024-09-24T06:00:00+00:00', 'estimated': '2024-09-24T06:00:00+00:00', 'actual': None, 'estimated_runway': None, 'actual_runway': None}","{'airport': 'Melbourne - Tullamarine Airport', 'timezone': 'Australia/Melbourne', 'iata': 'MEL', 'icao': 'YMML', 'terminal': '1', 'gate': None, 'baggage': None, 'delay': None, 'scheduled': '2024-09-24T08:25:00+00:00', 'estimated': '2024-09-24T08:25:00+00:00', 'actual': None, 'estimated_runway': None, 'actual_runway': None}","{'name': 'Air New Zealand', 'iata': 'NZ', 'icao': 'ANZ'}","{'number': '7622', 'iata': 'NZ7622', 'icao': 'ANZ7622', 'codeshared': {'airline_name': 'qantas', 'airline_iata': 'qf', 'airline_icao': 'qfa', 'flight_number': '1251', 'flight_iata': 'qf1251', 'flight_icao': 'qfa1251'}}",,
2024-09-24,scheduled,"{'airport': 'Cairns', 'timezone': 'Australia/Brisbane', 'iata': 'CNS', 'icao': 'YBCS', 'terminal': '2', 'gate': '15', 'delay': None, 'scheduled': '2024-09-24T08:00:00+00:00', 'estimated': '2024-09-24T08:00:00+00:00', 'actual': None, 'estimated_runway': None, 'actual_runway': None}","{'airport': 'Townsville International', 'timezone': 'Australia/Brisbane', 'iata': 'TSV', 'icao': 'YBTL', 'terminal': None, 'gate': None, 'baggage': None, 'delay': None, 'scheduled': '2024-09-24T08:55:00+00:00', 'estimated': '2024-09-24T08:55:00+00:00', 'actual': None, 'estimated_runway': None, 'actual_runway': None}","{'name': 'Air New Zealand', 'iata': 'NZ', 'icao': 'ANZ'}","{'number': '7308', 'iata': 'NZ7308', 'icao': 'ANZ7308', 'codeshared': {'airline_name': 'qantas', 'airline_iata': 'qf', 'airline_icao': 'qfa', 'flight_number': '2347', 'flight_iata': 'qf2347', 'flight_icao': 'qfa2347'}}",,
2024-09-24,scheduled,"{'airport': 'Tan Son Nhat International', 'timezone': 'Asia/Ho_Chi_Minh', 'iata': 'SGN', 'icao': 'VVTS', 'terminal': '2', 'gate': '15', 'delay': None, 'scheduled': '2024-09-24T02:35:00+00:00', 'estimated': '2024-09-24T02:35:00+00:00', 'actual': None, 'estimated_runway': None, 'actual_runway': None}","{'airport': 'Guangzhou Baiyun International', 'timezone': 'Asia/Shanghai', 'iata': 'CAN', 'icao': 'ZGGG', 'terminal': '2', 'gate': None, 'baggage': '45', 'delay': None, 'scheduled': '2024-09-24T06:40:00+00:00', 'estimated': '2024-09-24T06:40:00+00:00', 'actual': None, 'estimated_runway': None, 'actual_runway': None}","{'name': 'Vietnam Airlines', 'iata': 'VN', 'icao': 'HVN'}","{'number': '3558', 'iata': 'VN3558', 'icao': 'HVN3558', 'codeshared': {'airline_name': 'china southern airlines', 'airline_iata': 'cz', 'airline_icao': 'csn', 'flight_number': '6090', 'flight_iata': 'cz6090', 'flight_icao': 'csn6090'}}",,
2024-09-24,scheduled,"{'airport': 'Kunming', 'timezone': 'Asia/Shanghai', 'iata': 'KMG', 'icao': 'ZPPP', 'terminal': None, 'gate': 'J', 'delay': 30, 'scheduled': '2024-09-24T02:30:00+00:00', 'estimated': '2024-09-24T02:30:00+00:00', 'actual': None, 'estimated_runway': None, 'actual_runway': None}","{'airport': 'Kuala Lumpur International Airport (klia)', 'timezone': 'Asia/Kuala_Lumpur', 'iata': 'KUL', 'icao': 'WMKK', 'terminal': '2', 'gate': None, 'baggage': None, 'delay': None, 'scheduled': '2024-09-24T06:25:00+00:00', 'estimated': '2024-09-24T06:25:00+00:00', 'actual': None, 'estimated_runway': None, 'actual_runway': None}","{'name': 'AirAsia', 'iata': 'AK', 'icao': 'AXM'}","{'number': '104', 'iata': 'AK104', 'icao': 'AXM104', 'codeshared': None}",,
2024-09-24,scheduled,"{'airport': 'Arlanda', 'timezone': 'Europe/Stockholm', 'iata': 'ARN', 'icao': 'ESSA', 'terminal': None, 'gate': None, 'delay': 15, 'scheduled': '2024-09-24T00:00:00+00:00', 'estimated': '2024-09-24T00:00:00+00:00', 'actual': None, 'estimated_runway': None, 'actual_runway': None}","{'airport': 'Umea', 'timezone': 'Europe/Stockholm', 'iata': 'UME', 'icao': 'ESNU', 'terminal': None, 'gate': None, 'baggage': None, 'delay': None, 'scheduled': '2024-09-24T01:14:00+00:00', 'estimated': '2024-09-24T01:14:00+00:00', 'actual': None, 'estimated_runway': None, 'actual_runway': None}","{'name': 'Zimex Aviation', 'iata': 'XM', 'icao': 'IMX'}","{'number': '92', 'iata': 'XM92', 'icao': 'IMX92', 'codeshared': None}",,
2024-09-24,scheduled,"{'airport': 'Hyderabad Airport', 'timezone': 'Asia/Kolkata', 'iata': 'HYD', 'icao': 'VOHS', 'terminal': None, 'gate': None, 'delay': None, 'scheduled': '2024-09-24T00:15:00+00:00', 'estimated': '2024-09-24T00:15:00+00:00', 'actual': None, 'estimated_runway': None, 'actual_runway': None}","{'airport': 'Indira Gandhi International', 'timezone': 'Asia/Kolkata', 'iata': 'DEL', 'icao': 'VIDP', 'terminal': 'T3', 'gate': None, 'baggage': None, 'delay': None, 'scheduled': '2024-09-24T02:30:00+00:00', 'estimated': '2024-09-24T02:30:00+00:00', 'actual': None, 'estimated_runway': None, 'actual_runway': None}","{'name': 'Quikjet Cargo Airlines', 'iata': 'QO', 'icao': 'FQA'}","{'number': '311', 'iata': 'QO311', 'icao': 'FQA311', 'codeshared': None}",,
2024-09-24,scheduled,"{'airport': 'Indira Gandhi International', 'timezone': 'Asia/Kolkata', 'iata': 'DEL', 'icao': 'VIDP', 'terminal': '3', 'gate': '15', 'delay': 30, 'scheduled': '2024-09-24T01:20:00+00:00', 'estimated': '2024-09-24T01:20:00+00:00', 'actual': None, 'estimated_runway': None, 'actual_runway': None}","{'airport': 'Franz Josef Strauss', 'timezone': 'Europe/Berlin', 'iata': 'MUC', 'icao': 'EDDM', 'terminal': '2', 'gate': 'M28', 'baggage': None, 'delay': None, 'scheduled': '2024-09-24T06:05:00+00:00', 'estimated': '2024-09-24T06:05:00+00:00', 'actual': None, 'estimated_runway': None, 'actual_runway': None}","{'name': 'Lufthansa', 'iata': 'LH', 'icao': 'DLH'}","{'number': '763', 'iata': 'LH763', 'icao': 'DLH763', 'codeshared': None}",,
2024-09-24,scheduled,"{'airport': 'King Abdulaziz International', 'timezone': 'Asia/Riyadh', 'iata': 'JED', 'icao': 'OEJN', 'terminal': '1', 'gate': None, 'delay': None, 'scheduled': '2024-09-24T01:00:00+00:00', 'estimated': '2024-09-24T01:00:00+00:00', 'actual': None, 'estimated_runway': None, 'actual_runway': None}","{'airport': 'King Fahd International Airport', 'timezone': 'Asia/Riyadh', 'iata': 'DMM', 'icao': 'OEDF', 'terminal': None, 'gate': None, 'baggage': None, 'delay': None, 'scheduled': '2024-09-24T03:10:00+00:00', 'estimated': '2024-09-24T03:10:00+00:00', 'actual': None, 'estimated_runway': None, 'actual_runway': None}","{'name': 'Saudia', 'iata': 'SV', 'icao': 'SVA'}","{'number': '1128', 'iata': 'SV1128', 'icao': 'SVA1128', 'codeshared': None}",,
2024-09-24,scheduled,"{'airport': 'Kochi', 'timezone': 'Asia/Tokyo', 'iata': 'KCZ', 'icao': 'RJOK', 'terminal': None, 'gate': '3', 'delay': None, 'scheduled': '2024-09-24T07:40:00+00:00', 'estimated': '2024-09-24T07:40:00+00:00', 'actual': None, 'estimated_runway': None, 'actual_runway': None}","{'airport': 'Haneda Airport', 'timezone': 'Asia/Tokyo', 'iata': 'HND', 'icao': 'RJTT', 'terminal': '2', 'gate': None, 'baggage': None, 'delay': None, 'scheduled': '2024-09-24T09:00:00+00:00', 'estimated': '2024-09-24T09:00:00+00:00', 'actual': None, 'estimated_runway': None, 'actual_runway': None}","{'name': 'ANA', 'iata': 'NH', 'icao': 'ANA'}","{'number': '562', 'iata': 'NH562', 'icao': 'ANA562', 'codeshared': None}",,
2024-09-24,scheduled,"{'airport': 'Polonia', 'timezone': 'Asia/Jakarta', 'iata': 'KNO', 'icao': 'WIMM', 'terminal': None, 'gate': 'B', 'delay': None, 'scheduled': '2024-09-24T05:00:00+00:00', 'estimated': '2024-09-24T05:00:00+00:00', 'actual': None, 'estimated_runway': None, 'actual_runway': None}","{'airport': 'Soekarno-Hatta International', 'timezone': 'Asia/Jakarta', 'iata': 'CGK', 'icao': 'WIII', 'terminal': '3', 'gate': None, 'baggage': None, 'delay': None, 'scheduled': '2024-09-24T07:20:00+00:00', 'estimated': '2024-09-24T07:20:00+00:00', 'actual': None, 'estimated_runway': None, 'actual_runway': None}","{'name': 'Citilink', 'iata': 'QG', 'icao': 'CTV'}","{'number': '911', 'iata': 'QG911', 'icao': 'CTV911', 'codeshared': None}",,
2024-09-24,scheduled,"{'airport': 'Wellington International', 'timezone': 'Pacific/Auckland', 'iata': 'WLG', 'icao': 'NZWN', 'terminal': None, 'gate': '6', 'delay': None, 'scheduled': '2024-09-24T09:10:00+00:00', 'estimated': '2024-09-24T09:10:00+00:00', 'actual': None, 'estimated_runway': None, 'actual_runway': None}","{'airport': 'Gisborne', 'timezone': 'Pacific/Auckland', 'iata': 'GIS', 'icao': 'NZGS', 'terminal': 'D', 'gate': None, 'baggage': None, 'delay': None, 'scheduled': '2024-09-24T10:25:00+00:00', 'estimated': '2024-09-24T10:25:00+00:00', 'actual': None, 'estimated_runway': None, 'actual_runway': None}","{'name': 'Air New Zealand', 'iata': 'NZ', 'icao': 'ANZ'}","{'number': '5282', 'iata': 'NZ5282', 'icao': 'ANZ5282', 'codeshared': None}",,
2024-09-24,scheduled,"{'airport': 'Gimpo Airport', 'timezone': 'Asia/Seoul', 'iata': 'GMP', 'icao': 'RKSS', 'terminal': 'D', 'gate': None, 'delay': None, 'scheduled': '2024-09-24T06:05:00+00:00', 'estimated': '2024-09-24T06:05:00+00:00', 'actual': None, 'estimated_runway': None, 'actual_runway': None}","{'airport': 'Jeju Airport', 'timezone': 'Asia/Seoul', 'iata': 'CJU', 'icao': 'RKPC', 'terminal': 'I', 'gate': None, 'baggage': None, 'delay': None, 'scheduled': '2024-09-24T07:15:00+00:00', 'estimated': '2024-09-24T07:15:00+00:00', 'actual': None, 'estimated_runway': None, 'actual_runway': None}","{'name': 'Jin Air', 'iata': 'LJ', 'icao': 'JNA'}","{'number': '501', 'iata': 'LJ501', 'icao': 'JNA501', 'codeshared': None}",,
2024-09-24,scheduled,"{'airport': 'Brisbane International', 'timezone': 'Australia/Brisbane', 'iata': 'BNE', 'icao': 'YBBN', 'terminal': 'D', 'gate': '41', 'delay': None, 'scheduled': '2024-09-24T08:05:00+00:00', 'estimated': '2024-09-24T08:05:00+00:00', 'actual': None, 'estimated_runway': None, 'actual_runway': None}","{'airport': 'Sydney Kingsford Smith Airport', 'timezone': 'Australia/Sydney', 'iata': 'SYD', 'icao': 'YSSY', 'terminal': '2', 'gate': '36', 'baggage': 'D2', 'delay': None, 'scheduled': '2024-09-24T09:40:00+00:00', 'estimated': '2024-09-24T09:40:00+00:00', 'actual': None, 'estimated_runway': None, 'actual_runway': None}","{'name': 'Virgin Australia', 'iata': 'VA', 'icao': 'VOZ'}","{'number': '924', 'iata': 'VA924', 'icao': 'VOZ924', 'codeshared': None}",,
2024-09-24,scheduled,"{'airport': 'Auckland International', 'timezone': 'Pacific/Auckland', 'iata': 'AKL', 'icao': 'NZAA', 'terminal': 'D', 'gate': '35', 'delay': None, 'scheduled': '2024-09-24T11:00:00+00:00', 'estimated': '2024-09-24T11:00:00+00:00', 'actual': None, 'estimated_runway': None, 'actual_runway': None}","{'airport': 'Palmerston North', 'timezone': 'Pacific/Auckland', 'iata': 'PMR', 'icao': 'NZPM', 'terminal': None, 'gate': None, 'baggage': None, 'delay': None, 'scheduled': '2024-09-24T12:15:00+00:00', 'estimated': '2024-09-24T12:15:00+00:00', 'actual': None, 'estimated_runway': None, 'actual_runway': None}","{'name': 'Air New Zealand', 'iata': 'NZ', 'icao': 'ANZ'}","{'number': '5115', 'iata': 'NZ5115', 'icao': 'ANZ5115', 'codeshared': None}",,
2024-09-24,scheduled,"{'airport': 'King Abdulaziz International', 'timezone': 'Asia/Riyadh', 'iata': 'JED', 'icao': 'OEJN', 'terminal': '1', 'gate': None, 'delay': None, 'scheduled': '2024-09-24T00:15:00+00:00', 'estimated': '2024-09-24T00:15:00+00:00', 'actual': None, 'estimated_runway': None, 'actual_runway': None}","{'airport': 'King Khaled International', 'timezone': 'Asia/Riyadh', 'iata': 'RUH', 'icao': 'OERK', 'terminal': '5', 'gate': None, 'baggage': None, 'delay': None, 'scheduled': '2024-09-24T01:55:00+00:00', 'estimated': '2024-09-24T01:55:00+00:00', 'actual': None, 'estimated_runway': None, 'actual_runway': None}","{'name': 'Flyadeal', 'iata': 'F3', 'icao': 'FAD'}","{'number': '152', 'iata': 'F3152', 'icao': 'FAD152', 'codeshared': None}",,
2024-09-24,scheduled,"{'airport': 'Cairns', 'timezone': 'Australia/Brisbane', 'iata': 'CNS', 'icao': 'YBCS', 'terminal': 'R', 'gate': None, 'delay': None, 'scheduled': '2024-09-24T08:00:00+00:00', 'estimated': '2024-09-24T08:00:00+00:00', 'actual': None, 'estimated_runway': None, 'actual_runway': None}","{'airport': 'Lockhart River', 'timezone': 'Australia/Brisbane', 'iata': 'IRG', 'icao': 'YLHR', 'terminal': None, 'gate': None, 'baggage': None, 'delay': None, 'scheduled': '2024-09-24T10:00:00+00:00', 'estimated': '2024-09-24T10:00:00+00:00', 'actual': None, 'estimated_runway': None, 'actual_runway': None}","{'name': 'Hinterland Aviation', 'iata': 'OI', 'icao': 'HND'}","{'number': '181', 'iata': 'OI181', 'icao': 'HND181', 'codeshared': None}",,
2024-09-24,scheduled,"{'airport': 'Perth International', 'timezone': 'Australia/Perth', 'iata': 'PER', 'icao': 'YPPH', 'terminal': '1', 'gate': '48B', 'delay': None, 'scheduled': '2024-09-24T06:20:00+00:00', 'estimated': '2024-09-24T06:20:00+00:00', 'actual': None, 'estimated_runway': None, 'actual_runway': None}","{'airport': 'Port Hedland', 'timezone': 'Australia/Perth', 'iata': 'PHE', 'icao': 'YPPD', 'terminal': None, 'gate': None, 'baggage': None, 'delay': None, 'scheduled': '2024-09-24T08:25:00+00:00', 'estimated': '2024-09-24T08:25:00+00:00', 'actual': None, 'estimated_runway': None, 'actual_runway': None}","{'name': 'Singapore Airlines', 'iata': 'SQ', 'icao': 'SIA'}","{'number': '6744', 'iata': 'SQ6744', 'icao': 'SIA6744', 'codeshared': {'airline_name': 'virgin australia', 'airline_iata': 'va', 'airline_icao': 'voz', 'flight_number': '1837', 'flight_iata': 'va1837', 'flight_icao': 'voz1837'}}",,
2024-09-24,scheduled,"{'airport': 'Shanghai', 'timezone': 'Asia/Shanghai', 'iata': 'HFE', 'icao': 'ZSOF', 'terminal': None, 'gate': 'B', 'delay': None, 'scheduled': '2024-09-24T07:00:00+00:00', 'estimated': '2024-09-24T07:00:00+00:00', 'actual': None, 'estimated_runway': None, 'actual_runway': None}","{'airport': 'Chongqing Jiangbei International', 'timezone': 'Asia/Shanghai', 'iata': 'CKG', 'icao': 'ZUCK', 'terminal': '3', 'gate': None, 'baggage': None, 'delay': None, 'scheduled': '2024-09-24T09:10:00+00:00', 'estimated': '2024-09-24T09:10:00+00:00', 'actual': None, 'estimated_runway': None, 'actual_runway': None}","{'name': 'Shandong Airlines', 'iata': 'SC', 'icao': 'CDG'}","{'number': '5641', 'iata': 'SC5641', 'icao': 'CDG5641', 'codeshared': {'airline_name': 'air china ltd', 'airline_iata': 'ca', 'airline_icao': 'cca', 'flight_number': '4590', 'flight_iata': 'ca4590', 'flight_icao': 'cca4590'}}",,
2024-09-24,scheduled,"{'airport': 'Auckland International', 'timezone': 'Pacific/Auckland', 'iata': 'AKL', 'icao': 'NZAA', 'terminal': 'D', 'gate': '50', 'delay': None, 'scheduled': '2024-09-24T08:30:00+00:00', 'estimated': '2024-09-24T08:30:00+00:00', 'actual': None, 'estimated_runway': None, 'actual_runway': None}","{'airport': 'Wanganui', 'timezone': 'Pacific/Auckland', 'iata': 'WAG', 'icao': 'NZWU', 'terminal': 'D', 'gate': None, 'baggage': None, 'delay': None, 'scheduled': '2024-09-24T09:30:00+00:00', 'estimated': '2024-09-24T09:30:00+00:00', 'actual': None, 'estimated_runway': None, 'actual_runway': None}","{'name': 'Air Chathams', 'iata': 'CV', 'icao': 'CVA'}","{'number': '700', 'iata': 'CV700', 'icao': 'CVA700', 'codeshared': None}",,
2024-09-24,scheduled,"{'airport': 'Sydney Kingsford Smith Airport', 'timezone': 'Australia/Sydney', 'iata': 'SYD', 'icao': 'YSSY', 'terminal': '2', 'gate': '38', 'delay': None, 'scheduled': '2024-09-24T06:25:00+00:00', 'estimated': '2024-09-24T06:25:00+00:00', 'actual': None, 'estimated_runway': None, 'actual_runway': None}","{'airport': 'Melbourne - Tullamarine Airport', 'timezone': 'Australia/Melbourne', 'iata': 'MEL', 'icao': 'YMML', 'terminal': '3', 'gate': '6', 'baggage': None, 'delay': None, 'scheduled': '2024-09-24T08:00:00+00:00', 'estimated': '2024-09-24T08:00:00+00:00', 'actual': None, 'estimated_runway': None, 'actual_runway': None}","{'name': 'Singapore Airlines', 'iata': 'SQ', 'icao': 'SIA'}","{'number': '6842', 'iata': 'SQ6842', 'icao': 'SIA6842', 'codeshared': {'airline_name': 'virgin australia', 'airline_iata': 'va', 'airline_icao': 'voz', 'flight_number': '802', 'flight_iata': 'va802', 'flight_icao': 'voz802'}}",,
2024-09-24,scheduled,"{'airport': 'Mackay', 'timezone': 'Australia/Brisbane', 'iata': 'MKY', 'icao': 'YBMK', 'terminal': None, 'gate': None, 'delay': None, 'scheduled': '2024-09-24T08:00:00+00:00', 'estimated': '2024-09-24T08:00:00+00:00', 'actual': None, 'estimated_runway': None, 'actual_runway': None}","{'airport': 'Brisbane International', 'timezone': 'Australia/Brisbane', 'iata': 'BNE', 'icao': 'YBBN', 'terminal': 'D', 'gate': None, 'baggage': 'D01', 'delay': None, 'scheduled': '2024-09-24T09:25:00+00:00', 'estimated': '2024-09-24T09:25:00+00:00', 'actual': None, 'estimated_runway': None, 'actual_runway': None}","{'name': 'Air New Zealand', 'iata': 'NZ', 'icao': 'ANZ'}","{'number': '7765', 'iata': 'NZ7765', 'icao': 'ANZ7765', 'codeshared': {'airline_name': 'qantas', 'airline_iata': 'qf', 'airline_icao': 'qfa', 'flight_number': '985', 'flight_iata': 'qf985', 'flight_icao': 'qfa985'}}",,
2024-09-24,scheduled,"{'airport': 'Melbourne - Tullamarine Airport', 'timezone': 'Australia/Melbourne', 'iata': 'MEL', 'icao': 'YMML', 'terminal': '1', 'gate': '24', 'delay': None, 'scheduled': '2024-09-24T06:15:00+00:00', 'estimated': '2024-09-24T06:15:00+00:00', 'actual': None, 'estimated_runway': None, 'actual_runway': None}","{'airport': 'Sydney Kingsford Smith Airport', 'timezone': 'Australia/Sydney', 'iata': 'SYD', 'icao': 'YSSY', 'terminal': '3', 'gate': 'T3G', 'baggage': 'QFR', 'delay': None, 'scheduled': '2024-09-24T07:40:00+00:00', 'estimated': '2024-09-24T07:40:00+00:00', 'actual': None, 'estimated_runway': None, 'actual_runway': None}","{'name': 'Emirates', 'iata': 'EK', 'icao': 'UAE'}","{'number': '5404', 'iata': 'EK5404', 'icao': 'UAE5404', 'codeshared': {'airline_name': 'qantas', 'airline_iata': 'qf', 'airline_icao': 'qfa', 'flight_number': '404', 'flight_iata': 'qf404', 'flight_icao': 'qfa404'}}",,
2024-09-24,scheduled,"{'airport': 'Beijing Capital International', 'timezone': 'Asia/Shanghai', 'iata': 'PEK', 'icao': 'ZBAA', 'terminal': '3', 'gate': 'J,K', 'delay': None, 'scheduled': '2024-09-24T06:55:00+00:00', 'estimated': '2024-09-24T06:55:00+00:00', 'actual': None, 'estimated_runway': None, 'actual_runway': None}","{'airport': 'Changsha', 'timezone': 'Asia/Shanghai', 'iata': 'CSX', 'icao': 'ZGHA', 'terminal': '1', 'gate': None, 'baggage': None, 'delay': None, 'scheduled': '2024-09-24T09:40:00+00:00', 'estimated': '2024-09-24T09:40:00+00:00', 'actual': None, 'estimated_runway': None, 'actual_runway': None}","{'name': 'Air New Zealand', 'iata': 'NZ', 'icao': 'ANZ'}","{'number': '3911', 'iata': 'NZ3911', 'icao': 'ANZ3911', 'codeshared': {'airline_name': 'air china ltd', 'airline_iata': 'ca', 'airline_icao': 'cca', 'flight_number': '1343', 'flight_iata': 'ca1343', 'flight_icao': 'cca1343'}}",,
2024-09-24,scheduled,"{'airport': 'Melbourne - Tullamarine Airport', 'timezone': 'Australia/Melbourne', 'iata': 'MEL', 'icao': 'YMML', 'terminal': '2', 'gate': '8', 'delay': None, 'scheduled': '2024-09-24T05:40:00+00:00', 'estimated': '2024-09-24T05:40:00+00:00', 'actual': None, 'estimated_runway': None, 'actual_runway': None}","{'airport': 'Adelaide International Airport', 'timezone': 'Australia/Adelaide', 'iata': 'ADL', 'icao': 'YPAD', 'terminal': '1', 'gate': '22', 'baggage': None, 'delay': None, 'scheduled': '2024-09-24T06:40:00+00:00', 'estimated': '2024-09-24T06:40:00+00:00', 'actual': None, 'estimated_runway': None, 'actual_runway': None}","{'name': 'JetBlue Airways', 'iata': 'B6', 'icao': 'JBU'}","{'number': '6503', 'iata': 'B66503', 'icao': 'JBU6503', 'codeshared': {'airline_name': 'qatar airways', 'airline_iata': 'qr', 'airline_icao': 'qtr', 'flight_number': '988', 'flight_iata': 'qr988', 'flight_icao': 'qtr988'}}",,
2024-09-24,scheduled,"{'airport': 'Xianyang', 'timezone': 'Asia/Shanghai', 'iata': 'XIY', 'icao': 'ZLXY', 'terminal': '3', 'gate': 'K,L', 'delay': None, 'scheduled': '2024-09-24T06:15:00+00:00', 'estimated': '2024-09-24T06:15:00+00:00', 'actual': None, 'estimated_runway': None, 'actual_runway': None}","{'airport': 'Dongsheng', 'timezone': 'Asia/Shanghai', 'iata': 'DSN', 'icao': 'ZBDS', 'terminal': None, 'gate': None, 'baggage': None, 'delay': None, 'scheduled': '2024-09-24T07:45:00+00:00', 'estimated': '2024-09-24T07:45:00+00:00', 'actual': None, 'estimated_runway': None, 'actual_runway': None}","{'name': 'China Eastern Airlines', 'iata': 'MU', 'icao': 'CES'}","{'number': '9989', 'iata': 'MU9989', 'icao': 'CES9989', 'codeshared': None}",,
2024-09-24,scheduled,"{'airport': 'Horn Island', 'timezone': 'Australia/Brisbane', 'iata': 'HID', 'icao': 'YHID', 'terminal': None, 'gate': None, 'delay': None, 'scheduled': '2024-09-24T08:00:00+00:00', 'estimated': '2024-09-24T08:00:00+00:00', 'actual': None, 'estimated_runway': None, 'actual_runway': None}","{'airport': 'Murray Island', 'timezone': 'Australia/Brisbane', 'iata': 'MYI', 'icao': 'YMUI', 'terminal': None, 'gate': None, 'baggage': None, 'delay': None, 'scheduled': '2024-09-24T08:55:00+00:00', 'estimated': '2024-09-24T08:55:00+00:00', 'actual': None, 'estimated_runway': None, 'actual_runway': None}","{'name': 'FlexFlight', 'iata': 'W2', 'icao': 'FXT'}","{'number': '2305', 'iata': 'W22305', 'icao': 'FXT2305', 'codeshared': None}",,
2024-09-24,scheduled,"{'airport': 'Christchurch International', 'timezone': 'Pacific/Auckland', 'iata': 'CHC', 'icao': 'NZCH', 'terminal': None, 'gate': 'D20', 'delay': None, 'scheduled': '2024-09-24T08:30:00+00:00', 'estimated': '2024-09-24T08:30:00+00:00', 'actual': None, 'estimated_runway': None, 'actual_runway': None}","{'airport': 'Auckland International', 'timezone': 'Pacific/Auckland', 'iata': 'AKL', 'icao': 'NZAA', 'terminal': 'D', 'gate': '31', 'baggage': 'DTB2', 'delay': None, 'scheduled': '2024-09-24T09:55:00+00:00', 'estimated': '2024-09-24T09:55:00+00:00', 'actual': None, 'estimated_runway': None, 'actual_runway': None}","{'name': 'Air New Zealand', 'iata': 'NZ', 'icao': 'ANZ'}","{'number': '528', 'iata': 'NZ528', 'icao': 'ANZ528', 'codeshared': None}",,
2024-09-24,scheduled,"{'airport': 'Sydney Kingsford Smith Airport', 'timezone': 'Australia/Sydney', 'iata': 'SYD', 'icao': 'YSSY', 'terminal': '2', 'gate': '45', 'delay': None, 'scheduled': '2024-09-24T07:15:00+00:00', 'estimated': '2024-09-24T07:15:00+00:00', 'actual': None, 'estimated_runway': None, 'actual_runway': None}","{'airport': 'Adelaide International Airport', 'timezone': 'Australia/Adelaide', 'iata': 'ADL', 'icao': 'YPAD', 'terminal': '1', 'gate': '16', 'baggage': None, 'delay': None, 'scheduled': '2024-09-24T08:55:00+00:00', 'estimated': '2024-09-24T08:55:00+00:00', 'actual': None, 'estimated_runway': None, 'actual_runway': None}","{'name': 'Etihad Airways', 'iata': 'EY', 'icao': 'ETD'}","{'number': '6457', 'iata': 'EY6457', 'icao': 'ETD6457', 'codeshared': {'airline_name': 'virgin australia', 'airline_iata': 'va', 'airline_icao': 'voz', 'flight_number': '404', 'flight_iata': 'va404', 'flight_icao': 'voz404'}}",,
2024-09-24,scheduled,"{'airport': 'Naha', 'timezone': 'Asia/Tokyo', 'iata': 'OKA', 'icao': 'ROAH', 'terminal': 'D', 'gate': '32', 'delay': None, 'scheduled': '2024-09-24T08:00:00+00:00', 'estimated': '2024-09-24T08:00:00+00:00', 'actual': None, 'estimated_runway': None, 'actual_runway': None}","{'airport': 'Haneda Airport', 'timezone': 'Asia/Tokyo', 'iata': 'HND', 'icao': 'RJTT', 'terminal': '2', 'gate': None, 'baggage': None, 'delay': None, 'scheduled': '2024-09-24T10:25:00+00:00', 'estimated': '2024-09-24T10:25:00+00:00', 'actual': None, 'estimated_runway': None, 'actual_runway': None}","{'name': 'ANA', 'iata': 'NH', 'icao': 'ANA'}","{'number': '460', 'iata': 'NH460', 'icao': 'ANA460', 'codeshared': None}",,
2024-09-24,scheduled,"{'airport': 'Xiamen', 'timezone': 'Asia/Shanghai', 'iata': 'XMN', 'icao': 'ZSAM', 'terminal': '4', 'gate': '65', 'delay': None, 'scheduled': '2024-09-24T06:55:00+00:00', 'estimated': '2024-09-24T06:55:00+00:00', 'actual': None, 'estimated_runway': None, 'actual_runway': None}","{'airport': 'Hangzhou', 'timezone': 'Asia/Shanghai', 'iata': 'HGH', 'icao': 'ZSHC', 'terminal': '3', 'gate': None, 'baggage': None, 'delay': None, 'scheduled': '2024-09-24T08:25:00+00:00', 'estimated': '2024-09-24T08:25:00+00:00', 'actual': None, 'estimated_runway': None, 'actual_runway': None}","{'name': 'Air China LTD', 'iata': 'CA', 'icao': 'CCA'}","{'number': '4633', 'iata': 'CA4633', 'icao': 'CCA4633', 'codeshared': {'airline_name': 'shandong airlines', 'airline_iata': 'sc', 'airline_icao': 'cdg', 'flight_number': '2111', 'flight_iata': 'sc2111', 'flight_icao': 'cdg2111'}}",,
2024-09-24,scheduled,"{'airport': 'King Khaled International', 'timezone': 'Asia/Riyadh', 'iata': 'RUH', 'icao': 'OERK', 'terminal': '5', 'gate': None, 'delay': None, 'scheduled': '2024-09-24T00:10:00+00:00', 'estimated': '2024-09-24T00:10:00+00:00', 'actual': None, 'estimated_runway': None, 'actual_runway': None}","{'airport': 'Abha', 'timezone': 'Asia/Riyadh', 'iata': 'AHB', 'icao': 'OEAB', 'terminal': '1', 'gate': None, 'baggage': None, 'delay': None, 'scheduled': '2024-09-24T01:50:00+00:00', 'estimated': '2024-09-24T01:50:00+00:00', 'actual': None, 'estimated_runway': None, 'actual_runway': None}","{'name': 'flynas', 'iata': 'XY', 'icao': 'KNE'}","{'number': '87', 'iata': 'XY87', 'icao': 'KNE87', 'codeshared': None}",,
2024-09-24,scheduled,"{'airport': 'Gimhae', 'timezone': 'Asia/Seoul', 'iata': 'PUS', 'icao': 'RKPK', 'terminal': 'I', 'gate': None, 'delay': None, 'scheduled': '2024-09-24T07:35:00+00:00', 'estimated': '2024-09-24T07:35:00+00:00', 'actual': None, 'estimated_runway': None, 'actual_runway': None}","{'airport': 'Narita International Airport', 'timezone': 'Asia/Tokyo', 'iata': 'NRT', 'icao': 'RJAA', 'terminal': '1', 'gate': None, 'baggage': None, 'delay': None, 'scheduled': '2024-09-24T09:35:00+00:00', 'estimated': '2024-09-24T09:35:00+00:00', 'actual': None, 'estimated_runway': None, 'actual_runway': None}","{'name': 'Korean Air', 'iata': 'KE', 'icao': 'KAL'}","{'number': '5083', 'iata': 'KE5083', 'icao': 'KAL5083', 'codeshared': {'airline_name': 'jin air', 'airline_iata': 'lj', 'airline_icao': 'jna', 'flight_number': '221', 'flight_iata': 'lj221', 'flight_icao': 'jna221'}}",,
